toret,period,,,,,,,,,,,,,,,,,,,,,,,,,,,,,,,,,,,,,,,,,,,,,,,,,
,2021,2022,2023,2024,2025,2026,2027,2028,2029,2030,2031,2032,2033,2034,2035,2036,2037,2038,2039,2040,2041,2042,2043,2044,2045,2046,2047,2048,2049,2050,2051,2052,2053,2054,2055,2056,2057,2058,2059,2060,2061,2062,2063,2064,2065,2066,2067,2068,2069,2070
-48,0,0,0,0,0,0,0,0,0,0,0,0,0,0,0,0,0,0,0,0,0,0,0,0,0,0,0,0,0,0,0,0,0,0,0,0,0,0,0,0,0,0,0,0,0,0,0,0,0,0
-47,0,0,0,0,0,0,0,0,0,0,0,0,0,0,0,0,0,0,0,0,0,0,0,0,0,0,0,0,0,0,0,0,0,0,0,0,0,0,0,0,0,0,0,0,0,0,0,0,0,0
-46,0,0,0,0,0,0,0,0,0,0,0,0,0,0,0,0,0,0,0,0,0,0,0,0,0,0,0,0,0,0,0,0,0,0,0,0,0,0,0,0,0,0,0,0,0,0,0,0,0,0
-45,0,0,0,0,0,0,0,0,0,0,0,0,0,0,0,0,0,0,0,0,0,0,0,0,0,0,0,0,0,0,0,0,0,0,0,0,0,0,0,0,0,0,0,0,0,0,0,0,0,0
-44,0,0,0,0,0,0,0,0,0,0,0,0,0,0,0,0,0,0,0,0,0,0,0,0,0,0,0,0,0,0,0,0,0,0,0,0,0,0,0,0,0,0,0,0,0,0,0,0,0,0
-43,0.00771008733968054,0.00771008733968054,0.00771008733968054,0.00771008733968054,0.00771008733968054,0.00771008733968054,0.00771008733968054,0.00771008733968054,0.00771008733968054,0.00771008733968054,0.00771008733968054,0.00771008733968054,0.00771008733968054,0.00771008733968054,0.00771008733968054,0.00771008733968054,0.00771008733968054,0.00771008733968054,0.00771008733968054,0.00771008733968054,0.00771008733968054,0.00771008733968054,0.00771008733968054,0.00771008733968054,0.00771008733968054,0.00771008733968054,0.00771008733968054,0.00771008733968054,0.00771008733968054,0.00771008733968054,0.00771008733968054,0.00771008733968054,0.00771008733968054,0.00771008733968054,0.00771008733968054,0.00771008733968054,0.00771008733968054,0.00771008733968054,0.00771008733968054,0.00771008733968054,0.00771008733968054,0.00771008733968054,0.00771008733968054,0.00771008733968054,0.00771008733968054,0.00771008733968054,0.00771008733968054,0.00771008733968054,0.00771008733968054,0.00771008733968054
-42,0.00577450055984442,0.00577450055984442,0.00577450055984442,0.00577450055984442,0.00577450055984442,0.00577450055984442,0.00577450055984442,0.00577450055984442,0.00577450055984442,0.00577450055984442,0.00577450055984442,0.00577450055984442,0.00577450055984442,0.00577450055984442,0.00577450055984442,0.00577450055984442,0.00577450055984442,0.00577450055984442,0.00577450055984442,0.00577450055984442,0.00577450055984442,0.00577450055984442,0.00577450055984442,0.00577450055984442,0.00577450055984442,0.00577450055984442,0.00577450055984442,0.00577450055984442,0.00577450055984442,0.00577450055984442,0.00577450055984442,0.00577450055984442,0.00577450055984442,0.00577450055984442,0.00577450055984442,0.00577450055984442,0.00577450055984442,0.00577450055984442,0.00577450055984442,0.00577450055984442,0.00577450055984442,0.00577450055984442,0.00577450055984442,0.00577450055984442,0.00577450055984442,0.00577450055984442,0.00577450055984442,0.00577450055984442,0.00577450055984442,0.00577450055984442
-41,0.0105553012145531,0.0105553012145531,0.0105553012145531,0.0105553012145531,0.0105553012145531,0.0105553012145531,0.0105553012145531,0.0105553012145531,0.0105553012145531,0.0105553012145531,0.0105553012145531,0.0105553012145531,0.0105553012145531,0.0105553012145531,0.0105553012145531,0.0105553012145531,0.0105553012145531,0.0105553012145531,0.0105553012145531,0.0105553012145531,0.0105553012145531,0.0105553012145531,0.0105553012145531,0.0105553012145531,0.0105553012145531,0.0105553012145531,0.0105553012145531,0.0105553012145531,0.0105553012145531,0.0105553012145531,0.0105553012145531,0.0105553012145531,0.0105553012145531,0.0105553012145531,0.0105553012145531,0.0105553012145531,0.0105553012145531,0.0105553012145531,0.0105553012145531,0.0105553012145531,0.0105553012145531,0.0105553012145531,0.0105553012145531,0.0105553012145531,0.0105553012145531,0.0105553012145531,0.0105553012145531,0.0105553012145531,0.0105553012145531,0.0105553012145531
-40,0.00449180027275124,0.00449180027275124,0.00449180027275124,0.00449180027275124,0.00449180027275124,0.00449180027275124,0.00449180027275124,0.00449180027275124,0.00449180027275124,0.00449180027275124,0.00449180027275124,0.00449180027275124,0.00449180027275124,0.00449180027275124,0.00449180027275124,0.00449180027275124,0.00449180027275124,0.00449180027275124,0.00449180027275124,0.00449180027275124,0.00449180027275124,0.00449180027275124,0.00449180027275124,0.00449180027275124,0.00449180027275124,0.00449180027275124,0.00449180027275124,0.00449180027275124,0.00449180027275124,0.00449180027275124,0.00449180027275124,0.00449180027275124,0.00449180027275124,0.00449180027275124,0.00449180027275124,0.00449180027275124,0.00449180027275124,0.00449180027275124,0.00449180027275124,0.00449180027275124,0.00449180027275124,0.00449180027275124,0.00449180027275124,0.00449180027275124,0.00449180027275124,0.00449180027275124,0.00449180027275124,0.00449180027275124,0.00449180027275124,0.00449180027275124
-39,0.00423995586421756,0.00423995586421756,0.00423995586421756,0.00423995586421756,0.00423995586421756,0.00423995586421756,0.00423995586421756,0.00423995586421756,0.00423995586421756,0.00423995586421756,0.00423995586421756,0.00423995586421756,0.00423995586421756,0.00423995586421756,0.00423995586421756,0.00423995586421756,0.00423995586421756,0.00423995586421756,0.00423995586421756,0.00423995586421756,0.00423995586421756,0.00423995586421756,0.00423995586421756,0.00423995586421756,0.00423995586421756,0.00423995586421756,0.00423995586421756,0.00423995586421756,0.00423995586421756,0.00423995586421756,0.00423995586421756,0.00423995586421756,0.00423995586421756,0.00423995586421756,0.00423995586421756,0.00423995586421756,0.00423995586421756,0.00423995586421756,0.00423995586421756,0.00423995586421756,0.00423995586421756,0.00423995586421756,0.00423995586421756,0.00423995586421756,0.00423995586421756,0.00423995586421756,0.00423995586421756,0.00423995586421756,0.00423995586421756,0.00423995586421756
-38,0.00389310474979638,0.00389310474979638,0.00389310474979638,0.00389310474979638,0.00389310474979638,0.00389310474979638,0.00389310474979638,0.00389310474979638,0.00389310474979638,0.00389310474979638,0.00389310474979638,0.00389310474979638,0.00389310474979638,0.00389310474979638,0.00389310474979638,0.00389310474979638,0.00389310474979638,0.00389310474979638,0.00389310474979638,0.00389310474979638,0.00389310474979638,0.00389310474979638,0.00389310474979638,0.00389310474979638,0.00389310474979638,0.00389310474979638,0.00389310474979638,0.00389310474979638,0.00389310474979638,0.00389310474979638,0.00389310474979638,0.00389310474979638,0.00389310474979638,0.00389310474979638,0.00389310474979638,0.00389310474979638,0.00389310474979638,0.00389310474979638,0.00389310474979638,0.00389310474979638,0.00389310474979638,0.00389310474979638,0.00389310474979638,0.00389310474979638,0.00389310474979638,0.00389310474979638,0.00389310474979638,0.00389310474979638,0.00389310474979638,0.00389310474979638
-37,0.0072780784907202,0.0072780784907202,0.0072780784907202,0.0072780784907202,0.0072780784907202,0.0072780784907202,0.0072780784907202,0.0072780784907202,0.0072780784907202,0.0072780784907202,0.0072780784907202,0.0072780784907202,0.0072780784907202,0.0072780784907202,0.0072780784907202,0.0072780784907202,0.0072780784907202,0.0072780784907202,0.0072780784907202,0.0072780784907202,0.0072780784907202,0.0072780784907202,0.0072780784907202,0.0072780784907202,0.0072780784907202,0.0072780784907202,0.0072780784907202,0.0072780784907202,0.0072780784907202,0.0072780784907202,0.0072780784907202,0.0072780784907202,0.0072780784907202,0.0072780784907202,0.0072780784907202,0.0072780784907202,0.0072780784907202,0.0072780784907202,0.0072780784907202,0.0072780784907202,0.0072780784907202,0.0072780784907202,0.0072780784907202,0.0072780784907202,0.0072780784907202,0.0072780784907202,0.0072780784907202,0.0072780784907202,0.0072780784907202,0.0072780784907202
-36,0.00349615106726489,0.00349615106726489,0.00349615106726489,0.00349615106726489,0.00349615106726489,0.00349615106726489,0.00349615106726489,0.00349615106726489,0.00349615106726489,0.00349615106726489,0.00349615106726489,0.00349615106726489,0.00349615106726489,0.00349615106726489,0.00349615106726489,0.00349615106726489,0.00349615106726489,0.00349615106726489,0.00349615106726489,0.00349615106726489,0.00349615106726489,0.00349615106726489,0.00349615106726489,0.00349615106726489,0.00349615106726489,0.00349615106726489,0.00349615106726489,0.00349615106726489,0.00349615106726489,0.00349615106726489,0.00349615106726489,0.00349615106726489,0.00349615106726489,0.00349615106726489,0.00349615106726489,0.00349615106726489,0.00349615106726489,0.00349615106726489,0.00349615106726489,0.00349615106726489,0.00349615106726489,0.00349615106726489,0.00349615106726489,0.00349615106726489,0.00349615106726489,0.00349615106726489,0.00349615106726489,0.00349615106726489,0.00349615106726489,0.00349615106726489
-35,0.00338676229154066,0.00338676229154066,0.00338676229154066,0.00338676229154066,0.00338676229154066,0.00338676229154066,0.00338676229154066,0.00338676229154066,0.00338676229154066,0.00338676229154066,0.00338676229154066,0.00338676229154066,0.00338676229154066,0.00338676229154066,0.00338676229154066,0.00338676229154066,0.00338676229154066,0.00338676229154066,0.00338676229154066,0.00338676229154066,0.00338676229154066,0.00338676229154066,0.00338676229154066,0.00338676229154066,0.00338676229154066,0.00338676229154066,0.00338676229154066,0.00338676229154066,0.00338676229154066,0.00338676229154066,0.00338676229154066,0.00338676229154066,0.00338676229154066,0.00338676229154066,0.00338676229154066,0.00338676229154066,0.00338676229154066,0.00338676229154066,0.00338676229154066,0.00338676229154066,0.00338676229154066,0.00338676229154066,0.00338676229154066,0.00338676229154066,0.00338676229154066,0.00338676229154066,0.00338676229154066,0.00338676229154066,0.00338676229154066,0.00338676229154066
-34,0.00306010118359826,0.00306010118359826,0.00306010118359826,0.00306010118359826,0.00306010118359826,0.00306010118359826,0.00306010118359826,0.00306010118359826,0.00306010118359826,0.00306010118359826,0.00306010118359826,0.00306010118359826,0.00306010118359826,0.00306010118359826,0.00306010118359826,0.00306010118359826,0.00306010118359826,0.00306010118359826,0.00306010118359826,0.00306010118359826,0.00306010118359826,0.00306010118359826,0.00306010118359826,0.00306010118359826,0.00306010118359826,0.00306010118359826,0.00306010118359826,0.00306010118359826,0.00306010118359826,0.00306010118359826,0.00306010118359826,0.00306010118359826,0.00306010118359826,0.00306010118359826,0.00306010118359826,0.00306010118359826,0.00306010118359826,0.00306010118359826,0.00306010118359826,0.00306010118359826,0.00306010118359826,0.00306010118359826,0.00306010118359826,0.00306010118359826,0.00306010118359826,0.00306010118359826,0.00306010118359826,0.00306010118359826,0.00306010118359826,0.00306010118359826
-33,0.00535183958818349,0.00535183958818349,0.00535183958818349,0.00535183958818349,0.00535183958818349,0.00535183958818349,0.00535183958818349,0.00535183958818349,0.00535183958818349,0.00535183958818349,0.00535183958818349,0.00535183958818349,0.00535183958818349,0.00535183958818349,0.00535183958818349,0.00535183958818349,0.00535183958818349,0.00535183958818349,0.00535183958818349,0.00535183958818349,0.00535183958818349,0.00535183958818349,0.00535183958818349,0.00535183958818349,0.00535183958818349,0.00535183958818349,0.00535183958818349,0.00535183958818349,0.00535183958818349,0.00535183958818349,0.00535183958818349,0.00535183958818349,0.00535183958818349,0.00535183958818349,0.00535183958818349,0.00535183958818349,0.00535183958818349,0.00535183958818349,0.00535183958818349,0.00535183958818349,0.00535183958818349,0.00535183958818349,0.00535183958818349,0.00535183958818349,0.00535183958818349,0.00535183958818349,0.00535183958818349,0.00535183958818349,0.00535183958818349,0.00535183958818349
-32,0.0024833209785026,0.0024833209785026,0.0024833209785026,0.0024833209785026,0.0024833209785026,0.0024833209785026,0.0024833209785026,0.0024833209785026,0.0024833209785026,0.0024833209785026,0.0024833209785026,0.0024833209785026,0.0024833209785026,0.0024833209785026,0.0024833209785026,0.0024833209785026,0.0024833209785026,0.0024833209785026,0.0024833209785026,0.0024833209785026,0.0024833209785026,0.0024833209785026,0.0024833209785026,0.0024833209785026,0.0024833209785026,0.0024833209785026,0.0024833209785026,0.0024833209785026,0.0024833209785026,0.0024833209785026,0.0024833209785026,0.0024833209785026,0.0024833209785026,0.0024833209785026,0.0024833209785026,0.0024833209785026,0.0024833209785026,0.0024833209785026,0.0024833209785026,0.0024833209785026,0.0024833209785026,0.0024833209785026,0.0024833209785026,0.0024833209785026,0.0024833209785026,0.0024833209785026,0.0024833209785026,0.0024833209785026,0.0024833209785026,0.0024833209785026
-31,0.0022887323943662,0.0022887323943662,0.0022887323943662,0.0022887323943662,0.0022887323943662,0.0022887323943662,0.0022887323943662,0.0022887323943662,0.0022887323943662,0.0022887323943662,0.0022887323943662,0.0022887323943662,0.0022887323943662,0.0022887323943662,0.0022887323943662,0.0022887323943662,0.0022887323943662,0.0022887323943662,0.0022887323943662,0.0022887323943662,0.0022887323943662,0.0022887323943662,0.0022887323943662,0.0022887323943662,0.0022887323943662,0.0022887323943662,0.0022887323943662,0.0022887323943662,0.0022887323943662,0.0022887323943662,0.0022887323943662,0.0022887323943662,0.0022887323943662,0.0022887323943662,0.0022887323943662,0.0022887323943662,0.0022887323943662,0.0022887323943662,0.0022887323943662,0.0022887323943662,0.0022887323943662,0.0022887323943662,0.0022887323943662,0.0022887323943662,0.0022887323943662,0.0022887323943662,0.0022887323943662,0.0022887323943662,0.0022887323943662,0.0022887323943662
-30,0.00922761811151073,0.00922761811151073,0.00922761811151073,0.00922761811151073,0.00922761811151073,0.00922761811151073,0.00922761811151073,0.00922761811151073,0.00922761811151073,0.00922761811151073,0.00922761811151073,0.00922761811151073,0.00922761811151073,0.00922761811151073,0.00922761811151073,0.00922761811151073,0.00922761811151073,0.00922761811151073,0.00922761811151073,0.00922761811151073,0.00922761811151073,0.00922761811151073,0.00922761811151073,0.00922761811151073,0.00922761811151073,0.00922761811151073,0.00922761811151073,0.00922761811151073,0.00922761811151073,0.00922761811151073,0.00922761811151073,0.00922761811151073,0.00922761811151073,0.00922761811151073,0.00922761811151073,0.00922761811151073,0.00922761811151073,0.00922761811151073,0.00922761811151073,0.00922761811151073,0.00922761811151073,0.00922761811151073,0.00922761811151073,0.00922761811151073,0.00922761811151073,0.00922761811151073,0.00922761811151073,0.00922761811151073,0.00922761811151073,0.00922761811151073
-29,0.00661656716165953,0.00661656716165953,0.00661656716165953,0.00661656716165953,0.00661656716165953,0.00661656716165953,0.00661656716165953,0.00661656716165953,0.00661656716165953,0.00661656716165953,0.00661656716165953,0.00661656716165953,0.00661656716165953,0.00661656716165953,0.00661656716165953,0.00661656716165953,0.00661656716165953,0.00661656716165953,0.00661656716165953,0.00661656716165953,0.00661656716165953,0.00661656716165953,0.00661656716165953,0.00661656716165953,0.00661656716165953,0.00661656716165953,0.00661656716165953,0.00661656716165953,0.00661656716165953,0.00661656716165953,0.00661656716165953,0.00661656716165953,0.00661656716165953,0.00661656716165953,0.00661656716165953,0.00661656716165953,0.00661656716165953,0.00661656716165953,0.00661656716165953,0.00661656716165953,0.00661656716165953,0.00661656716165953,0.00661656716165953,0.00661656716165953,0.00661656716165953,0.00661656716165953,0.00661656716165953,0.00661656716165953,0.00661656716165953,0.00661656716165953
-28,0.00216742149007117,0.00216742149007117,0.00216742149007117,0.00216742149007117,0.00216742149007117,0.00216742149007117,0.00216742149007117,0.00216742149007117,0.00216742149007117,0.00216742149007117,0.00216742149007117,0.00216742149007117,0.00216742149007117,0.00216742149007117,0.00216742149007117,0.00216742149007117,0.00216742149007117,0.00216742149007117,0.00216742149007117,0.00216742149007117,0.00216742149007117,0.00216742149007117,0.00216742149007117,0.00216742149007117,0.00216742149007117,0.00216742149007117,0.00216742149007117,0.00216742149007117,0.00216742149007117,0.00216742149007117,0.00216742149007117,0.00216742149007117,0.00216742149007117,0.00216742149007117,0.00216742149007117,0.00216742149007117,0.00216742149007117,0.00216742149007117,0.00216742149007117,0.00216742149007117,0.00216742149007117,0.00216742149007117,0.00216742149007117,0.00216742149007117,0.00216742149007117,0.00216742149007117,0.00216742149007117,0.00216742149007117,0.00216742149007117,0.00216742149007117
-27,0.00818750097917874,0.00818750097917874,0.00818750097917874,0.00818750097917874,0.00818750097917874,0.00818750097917874,0.00818750097917874,0.00818750097917874,0.00818750097917874,0.00818750097917874,0.00818750097917874,0.00818750097917874,0.00818750097917874,0.00818750097917874,0.00818750097917874,0.00818750097917874,0.00818750097917874,0.00818750097917874,0.00818750097917874,0.00818750097917874,0.00818750097917874,0.00818750097917874,0.00818750097917874,0.00818750097917874,0.00818750097917874,0.00818750097917874,0.00818750097917874,0.00818750097917874,0.00818750097917874,0.00818750097917874,0.00818750097917874,0.00818750097917874,0.00818750097917874,0.00818750097917874,0.00818750097917874,0.00818750097917874,0.00818750097917874,0.00818750097917874,0.00818750097917874,0.00818750097917874,0.00818750097917874,0.00818750097917874,0.00818750097917874,0.00818750097917874,0.00818750097917874,0.00818750097917874,0.00818750097917874,0.00818750097917874,0.00818750097917874,0.00818750097917874
-26,0.0130815699886523,0.0130815699886523,0.0130815699886523,0.0130815699886523,0.0130815699886523,0.0130815699886523,0.0130815699886523,0.0130815699886523,0.0130815699886523,0.0130815699886523,0.0130815699886523,0.0130815699886523,0.0130815699886523,0.0130815699886523,0.0130815699886523,0.0130815699886523,0.0130815699886523,0.0130815699886523,0.0130815699886523,0.0130815699886523,0.0130815699886523,0.0130815699886523,0.0130815699886523,0.0130815699886523,0.0130815699886523,0.0130815699886523,0.0130815699886523,0.0130815699886523,0.0130815699886523,0.0130815699886523,0.0130815699886523,0.0130815699886523,0.0130815699886523,0.0130815699886523,0.0130815699886523,0.0130815699886523,0.0130815699886523,0.0130815699886523,0.0130815699886523,0.0130815699886523,0.0130815699886523,0.0130815699886523,0.0130815699886523,0.0130815699886523,0.0130815699886523,0.0130815699886523,0.0130815699886523,0.0130815699886523,0.0130815699886523,0.0130815699886523
-25,0.00699673325121833,0.00699673325121833,0.00699673325121833,0.00699673325121833,0.00699673325121833,0.00699673325121833,0.00699673325121833,0.00699673325121833,0.00699673325121833,0.00699673325121833,0.00699673325121833,0.00699673325121833,0.00699673325121833,0.00699673325121833,0.00699673325121833,0.00699673325121833,0.00699673325121833,0.00699673325121833,0.00699673325121833,0.00699673325121833,0.00699673325121833,0.00699673325121833,0.00699673325121833,0.00699673325121833,0.00699673325121833,0.00699673325121833,0.00699673325121833,0.00699673325121833,0.00699673325121833,0.00699673325121833,0.00699673325121833,0.00699673325121833,0.00699673325121833,0.00699673325121833,0.00699673325121833,0.00699673325121833,0.00699673325121833,0.00699673325121833,0.00699673325121833,0.00699673325121833,0.00699673325121833,0.00699673325121833,0.00699673325121833,0.00699673325121833,0.00699673325121833,0.00699673325121833,0.00699673325121833,0.00699673325121833,0.00699673325121833,0.00699673325121833
-24,0.0114362112300914,0.0114362112300914,0.0114362112300914,0.0114362112300914,0.0114362112300914,0.0114362112300914,0.0114362112300914,0.0114362112300914,0.0114362112300914,0.0114362112300914,0.0114362112300914,0.0114362112300914,0.0114362112300914,0.0114362112300914,0.0114362112300914,0.0114362112300914,0.0114362112300914,0.0114362112300914,0.0114362112300914,0.0114362112300914,0.0114362112300914,0.0114362112300914,0.0114362112300914,0.0114362112300914,0.0114362112300914,0.0114362112300914,0.0114362112300914,0.0114362112300914,0.0114362112300914,0.0114362112300914,0.0114362112300914,0.0114362112300914,0.0114362112300914,0.0114362112300914,0.0114362112300914,0.0114362112300914,0.0114362112300914,0.0114362112300914,0.0114362112300914,0.0114362112300914,0.0114362112300914,0.0114362112300914,0.0114362112300914,0.0114362112300914,0.0114362112300914,0.0114362112300914,0.0114362112300914,0.0114362112300914,0.0114362112300914,0.0114362112300914
-23,0.012500249159833,0.012500249159833,0.012500249159833,0.012500249159833,0.012500249159833,0.012500249159833,0.012500249159833,0.012500249159833,0.012500249159833,0.012500249159833,0.012500249159833,0.012500249159833,0.012500249159833,0.012500249159833,0.012500249159833,0.012500249159833,0.012500249159833,0.012500249159833,0.012500249159833,0.012500249159833,0.012500249159833,0.012500249159833,0.012500249159833,0.012500249159833,0.012500249159833,0.012500249159833,0.012500249159833,0.012500249159833,0.012500249159833,0.012500249159833,0.012500249159833,0.012500249159833,0.012500249159833,0.012500249159833,0.012500249159833,0.012500249159833,0.012500249159833,0.012500249159833,0.012500249159833,0.012500249159833,0.012500249159833,0.012500249159833,0.012500249159833,0.012500249159833,0.012500249159833,0.012500249159833,0.012500249159833,0.012500249159833,0.012500249159833,0.012500249159833
-22,0.00717870290664664,0.00717870290664664,0.00717870290664664,0.00717870290664664,0.00717870290664664,0.00717870290664664,0.00717870290664664,0.00717870290664664,0.00717870290664664,0.00717870290664664,0.00717870290664664,0.00717870290664664,0.00717870290664664,0.00717870290664664,0.00717870290664664,0.00717870290664664,0.00717870290664664,0.00717870290664664,0.00717870290664664,0.00717870290664664,0.00717870290664664,0.00717870290664664,0.00717870290664664,0.00717870290664664,0.00717870290664664,0.00717870290664664,0.00717870290664664,0.00717870290664664,0.00717870290664664,0.00717870290664664,0.00717870290664664,0.00717870290664664,0.00717870290664664,0.00717870290664664,0.00717870290664664,0.00717870290664664,0.00717870290664664,0.00717870290664664,0.00717870290664664,0.00717870290664664,0.00717870290664664,0.00717870290664664,0.00717870290664664,0.00717870290664664,0.00717870290664664,0.00717870290664664,0.00717870290664664,0.00717870290664664,0.00717870290664664,0.00717870290664664
-21,0.00815023012088278,0.00815023012088278,0.00815023012088278,0.00815023012088278,0.00815023012088278,0.00815023012088278,0.00815023012088278,0.00815023012088278,0.00815023012088278,0.00815023012088278,0.00815023012088278,0.00815023012088278,0.00815023012088278,0.00815023012088278,0.00815023012088278,0.00815023012088278,0.00815023012088278,0.00815023012088278,0.00815023012088278,0.00815023012088278,0.00815023012088278,0.00815023012088278,0.00815023012088278,0.00815023012088278,0.00815023012088278,0.00815023012088278,0.00815023012088278,0.00815023012088278,0.00815023012088278,0.00815023012088278,0.00815023012088278,0.00815023012088278,0.00815023012088278,0.00815023012088278,0.00815023012088278,0.00815023012088278,0.00815023012088278,0.00815023012088278,0.00815023012088278,0.00815023012088278,0.00815023012088278,0.00815023012088278,0.00815023012088278,0.00815023012088278,0.00815023012088278,0.00815023012088278,0.00815023012088278,0.00815023012088278,0.00815023012088278,0.00815023012088278
-20,0.0101735499381916,0.0101735499381916,0.0101735499381916,0.0101735499381916,0.0101735499381916,0.0101735499381916,0.0101735499381916,0.0101735499381916,0.0101735499381916,0.0101735499381916,0.0101735499381916,0.0101735499381916,0.0101735499381916,0.0101735499381916,0.0101735499381916,0.0101735499381916,0.0101735499381916,0.0101735499381916,0.0101735499381916,0.0101735499381916,0.0101735499381916,0.0101735499381916,0.0101735499381916,0.0101735499381916,0.0101735499381916,0.0101735499381916,0.0101735499381916,0.0101735499381916,0.0101735499381916,0.0101735499381916,0.0101735499381916,0.0101735499381916,0.0101735499381916,0.0101735499381916,0.0101735499381916,0.0101735499381916,0.0101735499381916,0.0101735499381916,0.0101735499381916,0.0101735499381916,0.0101735499381916,0.0101735499381916,0.0101735499381916,0.0101735499381916,0.0101735499381916,0.0101735499381916,0.0101735499381916,0.0101735499381916,0.0101735499381916,0.0101735499381916
-19,0.0108733947906466,0.0108733947906466,0.0108733947906466,0.0108733947906466,0.0108733947906466,0.0108733947906466,0.0108733947906466,0.0108733947906466,0.0108733947906466,0.0108733947906466,0.0108733947906466,0.0108733947906466,0.0108733947906466,0.0108733947906466,0.0108733947906466,0.0108733947906466,0.0108733947906466,0.0108733947906466,0.0108733947906466,0.0108733947906466,0.0108733947906466,0.0108733947906466,0.0108733947906466,0.0108733947906466,0.0108733947906466,0.0108733947906466,0.0108733947906466,0.0108733947906466,0.0108733947906466,0.0108733947906466,0.0108733947906466,0.0108733947906466,0.0108733947906466,0.0108733947906466,0.0108733947906466,0.0108733947906466,0.0108733947906466,0.0108733947906466,0.0108733947906466,0.0108733947906466,0.0108733947906466,0.0108733947906466,0.0108733947906466,0.0108733947906466,0.0108733947906466,0.0108733947906466,0.0108733947906466,0.0108733947906466,0.0108733947906466,0.0108733947906466
-18,0.0165467891651143,0.0165467891651143,0.0165467891651143,0.0165467891651143,0.0165467891651143,0.0165467891651143,0.0165467891651143,0.0165467891651143,0.0165467891651143,0.0165467891651143,0.0165467891651143,0.0165467891651143,0.0165467891651143,0.0165467891651143,0.0165467891651143,0.0165467891651143,0.0165467891651143,0.0165467891651143,0.0165467891651143,0.0165467891651143,0.0165467891651143,0.0165467891651143,0.0165467891651143,0.0165467891651143,0.0165467891651143,0.0165467891651143,0.0165467891651143,0.0165467891651143,0.0165467891651143,0.0165467891651143,0.0165467891651143,0.0165467891651143,0.0165467891651143,0.0165467891651143,0.0165467891651143,0.0165467891651143,0.0165467891651143,0.0165467891651143,0.0165467891651143,0.0165467891651143,0.0165467891651143,0.0165467891651143,0.0165467891651143,0.0165467891651143,0.0165467891651143,0.0165467891651143,0.0165467891651143,0.0165467891651143,0.0165467891651143,0.0165467891651143
-17,0.0076779172951478,0.0076779172951478,0.0076779172951478,0.0076779172951478,0.0076779172951478,0.0076779172951478,0.0076779172951478,0.0076779172951478,0.0076779172951478,0.0076779172951478,0.0076779172951478,0.0076779172951478,0.0076779172951478,0.0076779172951478,0.0076779172951478,0.0076779172951478,0.0076779172951478,0.0076779172951478,0.0076779172951478,0.0076779172951478,0.0076779172951478,0.0076779172951478,0.0076779172951478,0.0076779172951478,0.0076779172951478,0.0076779172951478,0.0076779172951478,0.0076779172951478,0.0076779172951478,0.0076779172951478,0.0076779172951478,0.0076779172951478,0.0076779172951478,0.0076779172951478,0.0076779172951478,0.0076779172951478,0.0076779172951478,0.0076779172951478,0.0076779172951478,0.0076779172951478,0.0076779172951478,0.0076779172951478,0.0076779172951478,0.0076779172951478,0.0076779172951478,0.0076779172951478,0.0076779172951478,0.0076779172951478,0.0076779172951478,0.0076779172951478
-16,0.00979903951707663,0.00979903951707663,0.00979903951707663,0.00979903951707663,0.00979903951707663,0.00979903951707663,0.00979903951707663,0.00979903951707663,0.00979903951707663,0.00979903951707663,0.00979903951707663,0.00979903951707663,0.00979903951707663,0.00979903951707663,0.00979903951707663,0.00979903951707663,0.00979903951707663,0.00979903951707663,0.00979903951707663,0.00979903951707663,0.00979903951707663,0.00979903951707663,0.00979903951707663,0.00979903951707663,0.00979903951707663,0.00979903951707663,0.00979903951707663,0.00979903951707663,0.00979903951707663,0.00979903951707663,0.00979903951707663,0.00979903951707663,0.00979903951707663,0.00979903951707663,0.00979903951707663,0.00979903951707663,0.00979903951707663,0.00979903951707663,0.00979903951707663,0.00979903951707663,0.00979903951707663,0.00979903951707663,0.00979903951707663,0.00979903951707663,0.00979903951707663,0.00979903951707663,0.00979903951707663,0.00979903951707663,0.00979903951707663,0.00979903951707663
-15,0.0150556978233034,0.0150556978233034,0.0150556978233034,0.0150556978233034,0.0150556978233034,0.0150556978233034,0.0150556978233034,0.0150556978233034,0.0150556978233034,0.0150556978233034,0.0150556978233034,0.0150556978233034,0.0150556978233034,0.0150556978233034,0.0150556978233034,0.0150556978233034,0.0150556978233034,0.0150556978233034,0.0150556978233034,0.0150556978233034,0.0150556978233034,0.0150556978233034,0.0150556978233034,0.0150556978233034,0.0150556978233034,0.0150556978233034,0.0150556978233034,0.0150556978233034,0.0150556978233034,0.0150556978233034,0.0150556978233034,0.0150556978233034,0.0150556978233034,0.0150556978233034,0.0150556978233034,0.0150556978233034,0.0150556978233034,0.0150556978233034,0.0150556978233034,0.0150556978233034,0.0150556978233034,0.0150556978233034,0.0150556978233034,0.0150556978233034,0.0150556978233034,0.0150556978233034,0.0150556978233034,0.0150556978233034,0.0150556978233034,0.0150556978233034
-14,0.0118684732733509,0.0118684732733509,0.0118684732733509,0.0118684732733509,0.0118684732733509,0.0118684732733509,0.0118684732733509,0.0118684732733509,0.0118684732733509,0.0118684732733509,0.0118684732733509,0.0118684732733509,0.0118684732733509,0.0118684732733509,0.0118684732733509,0.0118684732733509,0.0118684732733509,0.0118684732733509,0.0118684732733509,0.0118684732733509,0.0118684732733509,0.0118684732733509,0.0118684732733509,0.0118684732733509,0.0118684732733509,0.0118684732733509,0.0118684732733509,0.0118684732733509,0.0118684732733509,0.0118684732733509,0.0118684732733509,0.0118684732733509,0.0118684732733509,0.0118684732733509,0.0118684732733509,0.0118684732733509,0.0118684732733509,0.0118684732733509,0.0118684732733509,0.0118684732733509,0.0118684732733509,0.0118684732733509,0.0118684732733509,0.0118684732733509,0.0118684732733509,0.0118684732733509,0.0118684732733509,0.0118684732733509,0.0118684732733509,0.0118684732733509
-13,0.0111870221599796,0.0111870221599796,0.0111870221599796,0.0111870221599796,0.0111870221599796,0.0111870221599796,0.0111870221599796,0.0111870221599796,0.0111870221599796,0.0111870221599796,0.0111870221599796,0.0111870221599796,0.0111870221599796,0.0111870221599796,0.0111870221599796,0.0111870221599796,0.0111870221599796,0.0111870221599796,0.0111870221599796,0.0111870221599796,0.0111870221599796,0.0111870221599796,0.0111870221599796,0.0111870221599796,0.0111870221599796,0.0111870221599796,0.0111870221599796,0.0111870221599796,0.0111870221599796,0.0111870221599796,0.0111870221599796,0.0111870221599796,0.0111870221599796,0.0111870221599796,0.0111870221599796,0.0111870221599796,0.0111870221599796,0.0111870221599796,0.0111870221599796,0.0111870221599796,0.0111870221599796,0.0111870221599796,0.0111870221599796,0.0111870221599796,0.0111870221599796,0.0111870221599796,0.0111870221599796,0.0111870221599796,0.0111870221599796,0.0111870221599796
-12,0.0171326026595411,0.0171326026595411,0.0171326026595411,0.0171326026595411,0.0171326026595411,0.0171326026595411,0.0171326026595411,0.0171326026595411,0.0171326026595411,0.0171326026595411,0.0171326026595411,0.0171326026595411,0.0171326026595411,0.0171326026595411,0.0171326026595411,0.0171326026595411,0.0171326026595411,0.0171326026595411,0.0171326026595411,0.0171326026595411,0.0171326026595411,0.0171326026595411,0.0171326026595411,0.0171326026595411,0.0171326026595411,0.0171326026595411,0.0171326026595411,0.0171326026595411,0.0171326026595411,0.0171326026595411,0.0171326026595411,0.0171326026595411,0.0171326026595411,0.0171326026595411,0.0171326026595411,0.0171326026595411,0.0171326026595411,0.0171326026595411,0.0171326026595411,0.0171326026595411,0.0171326026595411,0.0171326026595411,0.0171326026595411,0.0171326026595411,0.0171326026595411,0.0171326026595411,0.0171326026595411,0.0171326026595411,0.0171326026595411,0.0171326026595411
-11,0.0216912476825591,0.0216912476825591,0.0216912476825591,0.0216912476825591,0.0216912476825591,0.0216912476825591,0.0216912476825591,0.0216912476825591,0.0216912476825591,0.0216912476825591,0.0216912476825591,0.0216912476825591,0.0216912476825591,0.0216912476825591,0.0216912476825591,0.0216912476825591,0.0216912476825591,0.0216912476825591,0.0216912476825591,0.0216912476825591,0.0216912476825591,0.0216912476825591,0.0216912476825591,0.0216912476825591,0.0216912476825591,0.0216912476825591,0.0216912476825591,0.0216912476825591,0.0216912476825591,0.0216912476825591,0.0216912476825591,0.0216912476825591,0.0216912476825591,0.0216912476825591,0.0216912476825591,0.0216912476825591,0.0216912476825591,0.0216912476825591,0.0216912476825591,0.0216912476825591,0.0216912476825591,0.0216912476825591,0.0216912476825591,0.0216912476825591,0.0216912476825591,0.0216912476825591,0.0216912476825591,0.0216912476825591,0.0216912476825591,0.0216912476825591
-10,0.0199705207992139,0.0199705207992139,0.0199705207992139,0.0199705207992139,0.0199705207992139,0.0199705207992139,0.0199705207992139,0.0199705207992139,0.0199705207992139,0.0199705207992139,0.0199705207992139,0.0199705207992139,0.0199705207992139,0.0199705207992139,0.0199705207992139,0.0199705207992139,0.0199705207992139,0.0199705207992139,0.0199705207992139,0.0199705207992139,0.0199705207992139,0.0199705207992139,0.0199705207992139,0.0199705207992139,0.0199705207992139,0.0199705207992139,0.0199705207992139,0.0199705207992139,0.0199705207992139,0.0199705207992139,0.0199705207992139,0.0199705207992139,0.0199705207992139,0.0199705207992139,0.0199705207992139,0.0199705207992139,0.0199705207992139,0.0199705207992139,0.0199705207992139,0.0199705207992139,0.0199705207992139,0.0199705207992139,0.0199705207992139,0.0199705207992139,0.0199705207992139,0.0199705207992139,0.0199705207992139,0.0199705207992139,0.0199705207992139,0.0199705207992139
-9,0.0289647736166582,0.0289647736166582,0.0289647736166582,0.0289647736166582,0.0289647736166582,0.0289647736166582,0.0289647736166582,0.0289647736166582,0.0289647736166582,0.0289647736166582,0.0289647736166582,0.0289647736166582,0.0289647736166582,0.0289647736166582,0.0289647736166582,0.0289647736166582,0.0289647736166582,0.0289647736166582,0.0289647736166582,0.0289647736166582,0.0289647736166582,0.0289647736166582,0.0289647736166582,0.0289647736166582,0.0289647736166582,0.0289647736166582,0.0289647736166582,0.0289647736166582,0.0289647736166582,0.0289647736166582,0.0289647736166582,0.0289647736166582,0.0289647736166582,0.0289647736166582,0.0289647736166582,0.0289647736166582,0.0289647736166582,0.0289647736166582,0.0289647736166582,0.0289647736166582,0.0289647736166582,0.0289647736166582,0.0289647736166582,0.0289647736166582,0.0289647736166582,0.0289647736166582,0.0289647736166582,0.0289647736166582,0.0289647736166582,0.0289647736166582
-8,0.0219387746942653,0.0219387746942653,0.0219387746942653,0.0219387746942653,0.0219387746942653,0.0219387746942653,0.0219387746942653,0.0219387746942653,0.0219387746942653,0.0219387746942653,0.0219387746942653,0.0219387746942653,0.0219387746942653,0.0219387746942653,0.0219387746942653,0.0219387746942653,0.0219387746942653,0.0219387746942653,0.0219387746942653,0.0219387746942653,0.0219387746942653,0.0219387746942653,0.0219387746942653,0.0219387746942653,0.0219387746942653,0.0219387746942653,0.0219387746942653,0.0219387746942653,0.0219387746942653,0.0219387746942653,0.0219387746942653,0.0219387746942653,0.0219387746942653,0.0219387746942653,0.0219387746942653,0.0219387746942653,0.0219387746942653,0.0219387746942653,0.0219387746942653,0.0219387746942653,0.0219387746942653,0.0219387746942653,0.0219387746942653,0.0219387746942653,0.0219387746942653,0.0219387746942653,0.0219387746942653,0.0219387746942653,0.0219387746942653,0.0219387746942653
-7,0.0240267094796759,0.0240267094796759,0.0240267094796759,0.0240267094796759,0.0240267094796759,0.0240267094796759,0.0240267094796759,0.0240267094796759,0.0240267094796759,0.0240267094796759,0.0240267094796759,0.0240267094796759,0.0240267094796759,0.0240267094796759,0.0240267094796759,0.0240267094796759,0.0240267094796759,0.0240267094796759,0.0240267094796759,0.0240267094796759,0.0240267094796759,0.0240267094796759,0.0240267094796759,0.0240267094796759,0.0240267094796759,0.0240267094796759,0.0240267094796759,0.0240267094796759,0.0240267094796759,0.0240267094796759,0.0240267094796759,0.0240267094796759,0.0240267094796759,0.0240267094796759,0.0240267094796759,0.0240267094796759,0.0240267094796759,0.0240267094796759,0.0240267094796759,0.0240267094796759,0.0240267094796759,0.0240267094796759,0.0240267094796759,0.0240267094796759,0.0240267094796759,0.0240267094796759,0.0240267094796759,0.0240267094796759,0.0240267094796759,0.0240267094796759
-6,0.0243749684196616,0.0243749684196616,0.0243749684196616,0.0243749684196616,0.0243749684196616,0.0243749684196616,0.0243749684196616,0.0243749684196616,0.0243749684196616,0.0243749684196616,0.0243749684196616,0.0243749684196616,0.0243749684196616,0.0243749684196616,0.0243749684196616,0.0243749684196616,0.0243749684196616,0.0243749684196616,0.0243749684196616,0.0243749684196616,0.0243749684196616,0.0243749684196616,0.0243749684196616,0.0243749684196616,0.0243749684196616,0.0243749684196616,0.0243749684196616,0.0243749684196616,0.0243749684196616,0.0243749684196616,0.0243749684196616,0.0243749684196616,0.0243749684196616,0.0243749684196616,0.0243749684196616,0.0243749684196616,0.0243749684196616,0.0243749684196616,0.0243749684196616,0.0243749684196616,0.0243749684196616,0.0243749684196616,0.0243749684196616,0.0243749684196616,0.0243749684196616,0.0243749684196616,0.0243749684196616,0.0243749684196616,0.0243749684196616,0.0243749684196616
-5,0.0244348082817936,0.0244348082817936,0.0244348082817936,0.0244348082817936,0.0244348082817936,0.0244348082817936,0.0244348082817936,0.0244348082817936,0.0244348082817936,0.0244348082817936,0.0244348082817936,0.0244348082817936,0.0244348082817936,0.0244348082817936,0.0244348082817936,0.0244348082817936,0.0244348082817936,0.0244348082817936,0.0244348082817936,0.0244348082817936,0.0244348082817936,0.0244348082817936,0.0244348082817936,0.0244348082817936,0.0244348082817936,0.0244348082817936,0.0244348082817936,0.0244348082817936,0.0244348082817936,0.0244348082817936,0.0244348082817936,0.0244348082817936,0.0244348082817936,0.0244348082817936,0.0244348082817936,0.0244348082817936,0.0244348082817936,0.0244348082817936,0.0244348082817936,0.0244348082817936,0.0244348082817936,0.0244348082817936,0.0244348082817936,0.0244348082817936,0.0244348082817936,0.0244348082817936,0.0244348082817936,0.0244348082817936,0.0244348082817936,0.0244348082817936
-4,0.0268225814040025,0.0268225814040025,0.0268225814040025,0.0268225814040025,0.0268225814040025,0.0268225814040025,0.0268225814040025,0.0268225814040025,0.0268225814040025,0.0268225814040025,0.0268225814040025,0.0268225814040025,0.0268225814040025,0.0268225814040025,0.0268225814040025,0.0268225814040025,0.0268225814040025,0.0268225814040025,0.0268225814040025,0.0268225814040025,0.0268225814040025,0.0268225814040025,0.0268225814040025,0.0268225814040025,0.0268225814040025,0.0268225814040025,0.0268225814040025,0.0268225814040025,0.0268225814040025,0.0268225814040025,0.0268225814040025,0.0268225814040025,0.0268225814040025,0.0268225814040025,0.0268225814040025,0.0268225814040025,0.0268225814040025,0.0268225814040025,0.0268225814040025,0.0268225814040025,0.0268225814040025,0.0268225814040025,0.0268225814040025,0.0268225814040025,0.0268225814040025,0.0268225814040025,0.0268225814040025,0.0268225814040025,0.0268225814040025,0.0268225814040025
-3,0.0290569220858975,0.0290569220858975,0.0290569220858975,0.0290569220858975,0.0290569220858975,0.0290569220858975,0.0290569220858975,0.0290569220858975,0.0290569220858975,0.0290569220858975,0.0290569220858975,0.0290569220858975,0.0290569220858975,0.0290569220858975,0.0290569220858975,0.0290569220858975,0.0290569220858975,0.0290569220858975,0.0290569220858975,0.0290569220858975,0.0290569220858975,0.0290569220858975,0.0290569220858975,0.0290569220858975,0.0290569220858975,0.0290569220858975,0.0290569220858975,0.0290569220858975,0.0290569220858975,0.0290569220858975,0.0290569220858975,0.0290569220858975,0.0290569220858975,0.0290569220858975,0.0290569220858975,0.0290569220858975,0.0290569220858975,0.0290569220858975,0.0290569220858975,0.0290569220858975,0.0290569220858975,0.0290569220858975,0.0290569220858975,0.0290569220858975,0.0290569220858975,0.0290569220858975,0.0290569220858975,0.0290569220858975,0.0290569220858975,0.0290569220858975
-2,0.0318829868916273,0.0318829868916273,0.0318829868916273,0.0318829868916273,0.0318829868916273,0.0318829868916273,0.0318829868916273,0.0318829868916273,0.0318829868916273,0.0318829868916273,0.0318829868916273,0.0318829868916273,0.0318829868916273,0.0318829868916273,0.0318829868916273,0.0318829868916273,0.0318829868916273,0.0318829868916273,0.0318829868916273,0.0318829868916273,0.0318829868916273,0.0318829868916273,0.0318829868916273,0.0318829868916273,0.0318829868916273,0.0318829868916273,0.0318829868916273,0.0318829868916273,0.0318829868916273,0.0318829868916273,0.0318829868916273,0.0318829868916273,0.0318829868916273,0.0318829868916273,0.0318829868916273,0.0318829868916273,0.0318829868916273,0.0318829868916273,0.0318829868916273,0.0318829868916273,0.0318829868916273,0.0318829868916273,0.0318829868916273,0.0318829868916273,0.0318829868916273,0.0318829868916273,0.0318829868916273,0.0318829868916273,0.0318829868916273,0.0318829868916273
-1,0.0345976894424398,0.0345976894424398,0.0345976894424398,0.0345976894424398,0.0345976894424398,0.0345976894424398,0.0345976894424398,0.0345976894424398,0.0345976894424398,0.0345976894424398,0.0345976894424398,0.0345976894424398,0.0345976894424398,0.0345976894424398,0.0345976894424398,0.0345976894424398,0.0345976894424398,0.0345976894424398,0.0345976894424398,0.0345976894424398,0.0345976894424398,0.0345976894424398,0.0345976894424398,0.0345976894424398,0.0345976894424398,0.0345976894424398,0.0345976894424398,0.0345976894424398,0.0345976894424398,0.0345976894424398,0.0345976894424398,0.0345976894424398,0.0345976894424398,0.0345976894424398,0.0345976894424398,0.0345976894424398,0.0345976894424398,0.0345976894424398,0.0345976894424398,0.0345976894424398,0.0345976894424398,0.0345976894424398,0.0345976894424398,0.0345976894424398,0.0345976894424398,0.0345976894424398,0.0345976894424398,0.0345976894424398,0.0345976894424398,0.0345976894424398
0,0.0595372112844834,0.0595372112844834,0.0595372112844834,0.0595372112844834,0.0595372112844834,0.0595372112844834,0.0595372112844834,0.0595372112844834,0.0595372112844834,0.0595372112844834,0.0595372112844834,0.0595372112844834,0.0595372112844834,0.0595372112844834,0.0595372112844834,0.0595372112844834,0.0595372112844834,0.0595372112844834,0.0595372112844834,0.0595372112844834,0.0595372112844834,0.0595372112844834,0.0595372112844834,0.0595372112844834,0.0595372112844834,0.0595372112844834,0.0595372112844834,0.0595372112844834,0.0595372112844834,0.0595372112844834,0.0595372112844834,0.0595372112844834,0.0595372112844834,0.0595372112844834,0.0595372112844834,0.0595372112844834,0.0595372112844834,0.0595372112844834,0.0595372112844834,0.0595372112844834,0.0595372112844834,0.0595372112844834,0.0595372112844834,0.0595372112844834,0.0595372112844834,0.0595372112844834,0.0595372112844834,0.0595372112844834,0.0595372112844834,0.0595372112844834
