PERIOD,2020,2021,2022,2023,2024,2025,2026,2027,2028,2029,2030,2031,2032,2033,2034,2035,2036,2037,2038,2039,2040,2041,2042,2043,2044,2045,2046,2047,2048,2049,2050,2051,2052,2053,2054,2055,2056,2057,2058,2059,2060,2061,2062,2063,2064,2065,2066,2067,2068,2069,2070
N1q1,20,9,9,9,9,9,9,9,9,9,9,9,9,9,9,9,9,9,9,9,9,9,9,9,9,9,9,9,9,9,9,9,9,9,9,9,9,9,9,9,9,9,9,9,9,9,9,9,9,9,9
N1q11,20,363,363,363,363,363,363,363,363,363,363,363,363,363,363,363,363,363,363,363,363,363,363,363,363,363,363,363,363,363,363,363,363,363,363,363,363,363,363,363,363,363,363,363,363,363,363,363,363,363,363
N1q12,20,174,174,174,174,174,174,174,174,174,174,174,174,174,174,174,174,174,174,174,174,174,174,174,174,174,174,174,174,174,174,174,174,174,174,174,174,174,174,174,174,174,174,174,174,174,174,174,174,174,174
N1q13,20,347,347,347,347,347,347,347,347,347,347,347,347,347,347,347,347,347,347,347,347,347,347,347,347,347,347,347,347,347,347,347,347,347,347,347,347,347,347,347,347,347,347,347,347,347,347,347,347,347,347
N1q14,20,39,39,39,39,39,39,39,39,39,39,39,39,39,39,39,39,39,39,39,39,39,39,39,39,39,39,39,39,39,39,39,39,39,39,39,39,39,39,39,39,39,39,39,39,39,39,39,39,39,39
N1q21,20,289,289,289,289,289,289,289,289,289,289,289,289,289,289,289,289,289,289,289,289,289,289,289,289,289,289,289,289,289,289,289,289,289,289,289,289,289,289,289,289,289,289,289,289,289,289,289,289,289,289
N1q22,20,103,103,103,103,103,103,103,103,103,103,103,103,103,103,103,103,103,103,103,103,103,103,103,103,103,103,103,103,103,103,103,103,103,103,103,103,103,103,103,103,103,103,103,103,103,103,103,103,103,103
N1q23,20,120,120,120,120,120,120,120,120,120,120,120,120,120,120,120,120,120,120,120,120,120,120,120,120,120,120,120,120,120,120,120,120,120,120,120,120,120,120,120,120,120,120,120,120,120,120,120,120,120,120
N1q24,20,551,551,551,551,551,551,551,551,551,551,551,551,551,551,551,551,551,551,551,551,551,551,551,551,551,551,551,551,551,551,551,551,551,551,551,551,551,551,551,551,551,551,551,551,551,551,551,551,551,551
N1q25,20,127,127,127,127,127,127,127,127,127,127,127,127,127,127,127,127,127,127,127,127,127,127,127,127,127,127,127,127,127,127,127,127,127,127,127,127,127,127,127,127,127,127,127,127,127,127,127,127,127,127
N1q26,20,77,77,77,77,77,77,77,77,77,77,77,77,77,77,77,77,77,77,77,77,77,77,77,77,77,77,77,77,77,77,77,77,77,77,77,77,77,77,77,77,77,77,77,77,77,77,77,77,77,77
N1q31,20,1501,1501,1501,1501,1501,1501,1501,1501,1501,1501,1501,1501,1501,1501,1501,1501,1501,1501,1501,1501,1501,1501,1501,1501,1501,1501,1501,1501,1501,1501,1501,1501,1501,1501,1501,1501,1501,1501,1501,1501,1501,1501,1501,1501,1501,1501,1501,1501,1501,1501
N1q32,20,79,79,79,79,79,79,79,79,79,79,79,79,79,79,79,79,79,79,79,79,79,79,79,79,79,79,79,79,79,79,79,79,79,79,79,79,79,79,79,79,79,79,79,79,79,79,79,79,79,79
N1q33,20,552,552,552,552,552,552,552,552,552,552,552,552,552,552,552,552,552,552,552,552,552,552,552,552,552,552,552,552,552,552,552,552,552,552,552,552,552,552,552,552,552,552,552,552,552,552,552,552,552,552
N1q34,20,92,92,92,92,92,92,92,92,92,92,92,92,92,92,92,92,92,92,92,92,92,92,92,92,92,92,92,92,92,92,92,92,92,92,92,92,92,92,92,92,92,92,92,92,92,92,92,92,92,92
N1q35,20,34,34,34,34,34,34,34,34,34,34,34,34,34,34,34,34,34,34,34,34,34,34,34,34,34,34,34,34,34,34,34,34,34,34,34,34,34,34,34,34,34,34,34,34,34,34,34,34,34,34
N1q41,20,270,270,270,270,270,270,270,270,270,270,270,270,270,270,270,270,270,270,270,270,270,270,270,270,270,270,270,270,270,270,270,270,270,270,270,270,270,270,270,270,270,270,270,270,270,270,270,270,270,270
N1q42,20,56,56,56,56,56,56,56,56,56,56,56,56,56,56,56,56,56,56,56,56,56,56,56,56,56,56,56,56,56,56,56,56,56,56,56,56,56,56,56,56,56,56,56,56,56,56,56,56,56,56
N1q43,20,611,611,611,611,611,611,611,611,611,611,611,611,611,611,611,611,611,611,611,611,611,611,611,611,611,611,611,611,611,611,611,611,611,611,611,611,611,611,611,611,611,611,611,611,611,611,611,611,611,611
N1q44,20,31,31,31,31,31,31,31,31,31,31,31,31,31,31,31,31,31,31,31,31,31,31,31,31,31,31,31,31,31,31,31,31,31,31,31,31,31,31,31,31,31,31,31,31,31,31,31,31,31,31
N1q51,20,411,411,411,411,411,411,411,411,411,411,411,411,411,411,411,411,411,411,411,411,411,411,411,411,411,411,411,411,411,411,411,411,411,411,411,411,411,411,411,411,411,411,411,411,411,411,411,411,411,411
N1q52,20,333,333,333,333,333,333,333,333,333,333,333,333,333,333,333,333,333,333,333,333,333,333,333,333,333,333,333,333,333,333,333,333,333,333,333,333,333,333,333,333,333,333,333,333,333,333,333,333,333,333
N1q53,20,85,85,85,85,85,85,85,85,85,85,85,85,85,85,85,85,85,85,85,85,85,85,85,85,85,85,85,85,85,85,85,85,85,85,85,85,85,85,85,85,85,85,85,85,85,85,85,85,85,85
N1q54,20,238,238,238,238,238,238,238,238,238,238,238,238,238,238,238,238,238,238,238,238,238,238,238,238,238,238,238,238,238,238,238,238,238,238,238,238,238,238,238,238,238,238,238,238,238,238,238,238,238,238
N1q61,20,1525,1525,1525,1525,1525,1525,1525,1525,1525,1525,1525,1525,1525,1525,1525,1525,1525,1525,1525,1525,1525,1525,1525,1525,1525,1525,1525,1525,1525,1525,1525,1525,1525,1525,1525,1525,1525,1525,1525,1525,1525,1525,1525,1525,1525,1525,1525,1525,1525,1525
N1q62,20,357,357,357,357,357,357,357,357,357,357,357,357,357,357,357,357,357,357,357,357,357,357,357,357,357,357,357,357,357,357,357,357,357,357,357,357,357,357,357,357,357,357,357,357,357,357,357,357,357,357
N1q63,20,34,34,34,34,34,34,34,34,34,34,34,34,34,34,34,34,34,34,34,34,34,34,34,34,34,34,34,34,34,34,34,34,34,34,34,34,34,34,34,34,34,34,34,34,34,34,34,34,34,34
N1q71,20,229,229,229,229,229,229,229,229,229,229,229,229,229,229,229,229,229,229,229,229,229,229,229,229,229,229,229,229,229,229,229,229,229,229,229,229,229,229,229,229,229,229,229,229,229,229,229,229,229,229
N1q72,20,782,782,782,782,782,782,782,782,782,782,782,782,782,782,782,782,782,782,782,782,782,782,782,782,782,782,782,782,782,782,782,782,782,782,782,782,782,782,782,782,782,782,782,782,782,782,782,782,782,782
N1q73,20,3,3,3,3,3,3,3,3,3,3,3,3,3,3,3,3,3,3,3,3,3,3,3,3,3,3,3,3,3,3,3,3,3,3,3,3,3,3,3,3,3,3,3,3,3,3,3,3,3,3
N1q74,20,145,145,145,145,145,145,145,145,145,145,145,145,145,145,145,145,145,145,145,145,145,145,145,145,145,145,145,145,145,145,145,145,145,145,145,145,145,145,145,145,145,145,145,145,145,145,145,145,145,145
N1q75,20,302,302,302,302,302,302,302,302,302,302,302,302,302,302,302,302,302,302,302,302,302,302,302,302,302,302,302,302,302,302,302,302,302,302,302,302,302,302,302,302,302,302,302,302,302,302,302,302,302,302
N1q81,20,214,214,214,214,214,214,214,214,214,214,214,214,214,214,214,214,214,214,214,214,214,214,214,214,214,214,214,214,214,214,214,214,214,214,214,214,214,214,214,214,214,214,214,214,214,214,214,214,214,214
N1q82,20,144,144,144,144,144,144,144,144,144,144,144,144,144,144,144,144,144,144,144,144,144,144,144,144,144,144,144,144,144,144,144,144,144,144,144,144,144,144,144,144,144,144,144,144,144,144,144,144,144,144
N1q83,20,2503,2503,2503,2503,2503,2503,2503,2503,2503,2503,2503,2503,2503,2503,2503,2503,2503,2503,2503,2503,2503,2503,2503,2503,2503,2503,2503,2503,2503,2503,2503,2503,2503,2503,2503,2503,2503,2503,2503,2503,2503,2503,2503,2503,2503,2503,2503,2503,2503,2503
N1q91,20,258,258,258,258,258,258,258,258,258,258,258,258,258,258,258,258,258,258,258,258,258,258,258,258,258,258,258,258,258,258,258,258,258,258,258,258,258,258,258,258,258,258,258,258,258,258,258,258,258,258
N1q92,20,459,459,459,459,459,459,459,459,459,459,459,459,459,459,459,459,459,459,459,459,459,459,459,459,459,459,459,459,459,459,459,459,459,459,459,459,459,459,459,459,459,459,459,459,459,459,459,459,459,459
N1q93,20,232,232,232,232,232,232,232,232,232,232,232,232,232,232,232,232,232,232,232,232,232,232,232,232,232,232,232,232,232,232,232,232,232,232,232,232,232,232,232,232,232,232,232,232,232,232,232,232,232,232
N1q94,20,73,73,73,73,73,73,73,73,73,73,73,73,73,73,73,73,73,73,73,73,73,73,73,73,73,73,73,73,73,73,73,73,73,73,73,73,73,73,73,73,73,73,73,73,73,73,73,73,73,73
N1q95,20,0,0,0,0,0,0,0,0,0,0,0,0,0,0,0,0,0,0,0,0,0,0,0,0,0,0,0,0,0,0,0,0,0,0,0,0,0,0,0,0,0,0,0,0,0,0,0,0,0,0
N1q96,20,382,382,382,382,382,382,382,382,382,382,382,382,382,382,382,382,382,382,382,382,382,382,382,382,382,382,382,382,382,382,382,382,382,382,382,382,382,382,382,382,382,382,382,382,382,382,382,382,382,382
N2q1,20,51,51,51,51,51,51,51,51,51,51,51,51,51,51,51,51,51,51,51,51,51,51,51,51,51,51,51,51,51,51,51,51,51,51,51,51,51,51,51,51,51,51,51,51,51,51,51,51,51,51
N2q11,20,1424,1424,1424,1424,1424,1424,1424,1424,1424,1424,1424,1424,1424,1424,1424,1424,1424,1424,1424,1424,1424,1424,1424,1424,1424,1424,1424,1424,1424,1424,1424,1424,1424,1424,1424,1424,1424,1424,1424,1424,1424,1424,1424,1424,1424,1424,1424,1424,1424,1424
N2q12,20,1750,1750,1750,1750,1750,1750,1750,1750,1750,1750,1750,1750,1750,1750,1750,1750,1750,1750,1750,1750,1750,1750,1750,1750,1750,1750,1750,1750,1750,1750,1750,1750,1750,1750,1750,1750,1750,1750,1750,1750,1750,1750,1750,1750,1750,1750,1750,1750,1750,1750
N2q13,20,2228,2228,2228,2228,2228,2228,2228,2228,2228,2228,2228,2228,2228,2228,2228,2228,2228,2228,2228,2228,2228,2228,2228,2228,2228,2228,2228,2228,2228,2228,2228,2228,2228,2228,2228,2228,2228,2228,2228,2228,2228,2228,2228,2228,2228,2228,2228,2228,2228,2228
N2q14,20,218,218,218,218,218,218,218,218,218,218,218,218,218,218,218,218,218,218,218,218,218,218,218,218,218,218,218,218,218,218,218,218,218,218,218,218,218,218,218,218,218,218,218,218,218,218,218,218,218,218
N2q21,20,5306,5306,5306,5306,5306,5306,5306,5306,5306,5306,5306,5306,5306,5306,5306,5306,5306,5306,5306,5306,5306,5306,5306,5306,5306,5306,5306,5306,5306,5306,5306,5306,5306,5306,5306,5306,5306,5306,5306,5306,5306,5306,5306,5306,5306,5306,5306,5306,5306,5306
N2q22,20,647,647,647,647,647,647,647,647,647,647,647,647,647,647,647,647,647,647,647,647,647,647,647,647,647,647,647,647,647,647,647,647,647,647,647,647,647,647,647,647,647,647,647,647,647,647,647,647,647,647
N2q23,20,666,666,666,666,666,666,666,666,666,666,666,666,666,666,666,666,666,666,666,666,666,666,666,666,666,666,666,666,666,666,666,666,666,666,666,666,666,666,666,666,666,666,666,666,666,666,666,666,666,666
N2q24,20,5797,5797,5797,5797,5797,5797,5797,5797,5797,5797,5797,5797,5797,5797,5797,5797,5797,5797,5797,5797,5797,5797,5797,5797,5797,5797,5797,5797,5797,5797,5797,5797,5797,5797,5797,5797,5797,5797,5797,5797,5797,5797,5797,5797,5797,5797,5797,5797,5797,5797
N2q25,20,1688,1688,1688,1688,1688,1688,1688,1688,1688,1688,1688,1688,1688,1688,1688,1688,1688,1688,1688,1688,1688,1688,1688,1688,1688,1688,1688,1688,1688,1688,1688,1688,1688,1688,1688,1688,1688,1688,1688,1688,1688,1688,1688,1688,1688,1688,1688,1688,1688,1688
N2q26,20,586,586,586,586,586,586,586,586,586,586,586,586,586,586,586,586,586,586,586,586,586,586,586,586,586,586,586,586,586,586,586,586,586,586,586,586,586,586,586,586,586,586,586,586,586,586,586,586,586,586
N2q31,20,9837,9837,9837,9837,9837,9837,9837,9837,9837,9837,9837,9837,9837,9837,9837,9837,9837,9837,9837,9837,9837,9837,9837,9837,9837,9837,9837,9837,9837,9837,9837,9837,9837,9837,9837,9837,9837,9837,9837,9837,9837,9837,9837,9837,9837,9837,9837,9837,9837,9837
N2q32,20,660,660,660,660,660,660,660,660,660,660,660,660,660,660,660,660,660,660,660,660,660,660,660,660,660,660,660,660,660,660,660,660,660,660,660,660,660,660,660,660,660,660,660,660,660,660,660,660,660,660
N2q33,20,5018,5018,5018,5018,5018,5018,5018,5018,5018,5018,5018,5018,5018,5018,5018,5018,5018,5018,5018,5018,5018,5018,5018,5018,5018,5018,5018,5018,5018,5018,5018,5018,5018,5018,5018,5018,5018,5018,5018,5018,5018,5018,5018,5018,5018,5018,5018,5018,5018,5018
N2q34,20,417,417,417,417,417,417,417,417,417,417,417,417,417,417,417,417,417,417,417,417,417,417,417,417,417,417,417,417,417,417,417,417,417,417,417,417,417,417,417,417,417,417,417,417,417,417,417,417,417,417
N2q35,20,489,489,489,489,489,489,489,489,489,489,489,489,489,489,489,489,489,489,489,489,489,489,489,489,489,489,489,489,489,489,489,489,489,489,489,489,489,489,489,489,489,489,489,489,489,489,489,489,489,489
N2q41,20,2119,2119,2119,2119,2119,2119,2119,2119,2119,2119,2119,2119,2119,2119,2119,2119,2119,2119,2119,2119,2119,2119,2119,2119,2119,2119,2119,2119,2119,2119,2119,2119,2119,2119,2119,2119,2119,2119,2119,2119,2119,2119,2119,2119,2119,2119,2119,2119,2119,2119
N2q42,20,588,588,588,588,588,588,588,588,588,588,588,588,588,588,588,588,588,588,588,588,588,588,588,588,588,588,588,588,588,588,588,588,588,588,588,588,588,588,588,588,588,588,588,588,588,588,588,588,588,588
N2q43,20,7512,7512,7512,7512,7512,7512,7512,7512,7512,7512,7512,7512,7512,7512,7512,7512,7512,7512,7512,7512,7512,7512,7512,7512,7512,7512,7512,7512,7512,7512,7512,7512,7512,7512,7512,7512,7512,7512,7512,7512,7512,7512,7512,7512,7512,7512,7512,7512,7512,7512
N2q44,20,366,366,366,366,366,366,366,366,366,366,366,366,366,366,366,366,366,366,366,366,366,366,366,366,366,366,366,366,366,366,366,366,366,366,366,366,366,366,366,366,366,366,366,366,366,366,366,366,366,366
N2q51,20,2693,2693,2693,2693,2693,2693,2693,2693,2693,2693,2693,2693,2693,2693,2693,2693,2693,2693,2693,2693,2693,2693,2693,2693,2693,2693,2693,2693,2693,2693,2693,2693,2693,2693,2693,2693,2693,2693,2693,2693,2693,2693,2693,2693,2693,2693,2693,2693,2693,2693
N2q52,20,2914,2914,2914,2914,2914,2914,2914,2914,2914,2914,2914,2914,2914,2914,2914,2914,2914,2914,2914,2914,2914,2914,2914,2914,2914,2914,2914,2914,2914,2914,2914,2914,2914,2914,2914,2914,2914,2914,2914,2914,2914,2914,2914,2914,2914,2914,2914,2914,2914,2914
N2q53,20,470,470,470,470,470,470,470,470,470,470,470,470,470,470,470,470,470,470,470,470,470,470,470,470,470,470,470,470,470,470,470,470,470,470,470,470,470,470,470,470,470,470,470,470,470,470,470,470,470,470
N2q54,20,1533,1533,1533,1533,1533,1533,1533,1533,1533,1533,1533,1533,1533,1533,1533,1533,1533,1533,1533,1533,1533,1533,1533,1533,1533,1533,1533,1533,1533,1533,1533,1533,1533,1533,1533,1533,1533,1533,1533,1533,1533,1533,1533,1533,1533,1533,1533,1533,1533,1533
N2q61,20,193,193,193,193,193,193,193,193,193,193,193,193,193,193,193,193,193,193,193,193,193,193,193,193,193,193,193,193,193,193,193,193,193,193,193,193,193,193,193,193,193,193,193,193,193,193,193,193,193,193
N2q62,20,97,97,97,97,97,97,97,97,97,97,97,97,97,97,97,97,97,97,97,97,97,97,97,97,97,97,97,97,97,97,97,97,97,97,97,97,97,97,97,97,97,97,97,97,97,97,97,97,97,97
N2q63,20,14,14,14,14,14,14,14,14,14,14,14,14,14,14,14,14,14,14,14,14,14,14,14,14,14,14,14,14,14,14,14,14,14,14,14,14,14,14,14,14,14,14,14,14,14,14,14,14,14,14
N2q71,20,2743,2743,2743,2743,2743,2743,2743,2743,2743,2743,2743,2743,2743,2743,2743,2743,2743,2743,2743,2743,2743,2743,2743,2743,2743,2743,2743,2743,2743,2743,2743,2743,2743,2743,2743,2743,2743,2743,2743,2743,2743,2743,2743,2743,2743,2743,2743,2743,2743,2743
N2q72,20,12968,12968,12968,12968,12968,12968,12968,12968,12968,12968,12968,12968,12968,12968,12968,12968,12968,12968,12968,12968,12968,12968,12968,12968,12968,12968,12968,12968,12968,12968,12968,12968,12968,12968,12968,12968,12968,12968,12968,12968,12968,12968,12968,12968,12968,12968,12968,12968,12968,12968
N2q73,20,854,854,854,854,854,854,854,854,854,854,854,854,854,854,854,854,854,854,854,854,854,854,854,854,854,854,854,854,854,854,854,854,854,854,854,854,854,854,854,854,854,854,854,854,854,854,854,854,854,854
N2q74,20,3270,3270,3270,3270,3270,3270,3270,3270,3270,3270,3270,3270,3270,3270,3270,3270,3270,3270,3270,3270,3270,3270,3270,3270,3270,3270,3270,3270,3270,3270,3270,3270,3270,3270,3270,3270,3270,3270,3270,3270,3270,3270,3270,3270,3270,3270,3270,3270,3270,3270
N2q75,20,7899,7899,7899,7899,7899,7899,7899,7899,7899,7899,7899,7899,7899,7899,7899,7899,7899,7899,7899,7899,7899,7899,7899,7899,7899,7899,7899,7899,7899,7899,7899,7899,7899,7899,7899,7899,7899,7899,7899,7899,7899,7899,7899,7899,7899,7899,7899,7899,7899,7899
N2q81,20,13442,13442,13442,13442,13442,13442,13442,13442,13442,13442,13442,13442,13442,13442,13442,13442,13442,13442,13442,13442,13442,13442,13442,13442,13442,13442,13442,13442,13442,13442,13442,13442,13442,13442,13442,13442,13442,13442,13442,13442,13442,13442,13442,13442,13442,13442,13442,13442,13442,13442
N2q82,20,12525,12525,12525,12525,12525,12525,12525,12525,12525,12525,12525,12525,12525,12525,12525,12525,12525,12525,12525,12525,12525,12525,12525,12525,12525,12525,12525,12525,12525,12525,12525,12525,12525,12525,12525,12525,12525,12525,12525,12525,12525,12525,12525,12525,12525,12525,12525,12525,12525,12525
N2q83,20,4971,4971,4971,4971,4971,4971,4971,4971,4971,4971,4971,4971,4971,4971,4971,4971,4971,4971,4971,4971,4971,4971,4971,4971,4971,4971,4971,4971,4971,4971,4971,4971,4971,4971,4971,4971,4971,4971,4971,4971,4971,4971,4971,4971,4971,4971,4971,4971,4971,4971
N2q91,20,1234,1234,1234,1234,1234,1234,1234,1234,1234,1234,1234,1234,1234,1234,1234,1234,1234,1234,1234,1234,1234,1234,1234,1234,1234,1234,1234,1234,1234,1234,1234,1234,1234,1234,1234,1234,1234,1234,1234,1234,1234,1234,1234,1234,1234,1234,1234,1234,1234,1234
N2q92,20,100,100,100,100,100,100,100,100,100,100,100,100,100,100,100,100,100,100,100,100,100,100,100,100,100,100,100,100,100,100,100,100,100,100,100,100,100,100,100,100,100,100,100,100,100,100,100,100,100,100
N2q93,20,3859,3859,3859,3859,3859,3859,3859,3859,3859,3859,3859,3859,3859,3859,3859,3859,3859,3859,3859,3859,3859,3859,3859,3859,3859,3859,3859,3859,3859,3859,3859,3859,3859,3859,3859,3859,3859,3859,3859,3859,3859,3859,3859,3859,3859,3859,3859,3859,3859,3859
N2q94,20,367,367,367,367,367,367,367,367,367,367,367,367,367,367,367,367,367,367,367,367,367,367,367,367,367,367,367,367,367,367,367,367,367,367,367,367,367,367,367,367,367,367,367,367,367,367,367,367,367,367
N2q95,20,2,2,2,2,2,2,2,2,2,2,2,2,2,2,2,2,2,2,2,2,2,2,2,2,2,2,2,2,2,2,2,2,2,2,2,2,2,2,2,2,2,2,2,2,2,2,2,2,2,2
N2q96,20,796,796,796,796,796,796,796,796,796,796,796,796,796,796,796,796,796,796,796,796,796,796,796,796,796,796,796,796,796,796,796,796,796,796,796,796,796,796,796,796,796,796,796,796,796,796,796,796,796,796
N3q1,20,64,64,64,64,64,64,64,64,64,64,64,64,64,64,64,64,64,64,64,64,64,64,64,64,64,64,64,64,64,64,64,64,64,64,64,64,64,64,64,64,64,64,64,64,64,64,64,64,64,64
N3q11,20,1453,1453,1453,1453,1453,1453,1453,1453,1453,1453,1453,1453,1453,1453,1453,1453,1453,1453,1453,1453,1453,1453,1453,1453,1453,1453,1453,1453,1453,1453,1453,1453,1453,1453,1453,1453,1453,1453,1453,1453,1453,1453,1453,1453,1453,1453,1453,1453,1453,1453
N3q12,20,557,557,557,557,557,557,557,557,557,557,557,557,557,557,557,557,557,557,557,557,557,557,557,557,557,557,557,557,557,557,557,557,557,557,557,557,557,557,557,557,557,557,557,557,557,557,557,557,557,557
N3q13,20,591,591,591,591,591,591,591,591,591,591,591,591,591,591,591,591,591,591,591,591,591,591,591,591,591,591,591,591,591,591,591,591,591,591,591,591,591,591,591,591,591,591,591,591,591,591,591,591,591,591
N3q14,20,113,113,113,113,113,113,113,113,113,113,113,113,113,113,113,113,113,113,113,113,113,113,113,113,113,113,113,113,113,113,113,113,113,113,113,113,113,113,113,113,113,113,113,113,113,113,113,113,113,113
N3q21,20,2366,2366,2366,2366,2366,2366,2366,2366,2366,2366,2366,2366,2366,2366,2366,2366,2366,2366,2366,2366,2366,2366,2366,2366,2366,2366,2366,2366,2366,2366,2366,2366,2366,2366,2366,2366,2366,2366,2366,2366,2366,2366,2366,2366,2366,2366,2366,2366,2366,2366
N3q22,20,365,365,365,365,365,365,365,365,365,365,365,365,365,365,365,365,365,365,365,365,365,365,365,365,365,365,365,365,365,365,365,365,365,365,365,365,365,365,365,365,365,365,365,365,365,365,365,365,365,365
N3q23,20,399,399,399,399,399,399,399,399,399,399,399,399,399,399,399,399,399,399,399,399,399,399,399,399,399,399,399,399,399,399,399,399,399,399,399,399,399,399,399,399,399,399,399,399,399,399,399,399,399,399
N3q24,20,1737,1737,1737,1737,1737,1737,1737,1737,1737,1737,1737,1737,1737,1737,1737,1737,1737,1737,1737,1737,1737,1737,1737,1737,1737,1737,1737,1737,1737,1737,1737,1737,1737,1737,1737,1737,1737,1737,1737,1737,1737,1737,1737,1737,1737,1737,1737,1737,1737,1737
N3q25,20,491,491,491,491,491,491,491,491,491,491,491,491,491,491,491,491,491,491,491,491,491,491,491,491,491,491,491,491,491,491,491,491,491,491,491,491,491,491,491,491,491,491,491,491,491,491,491,491,491,491
N3q26,20,331,331,331,331,331,331,331,331,331,331,331,331,331,331,331,331,331,331,331,331,331,331,331,331,331,331,331,331,331,331,331,331,331,331,331,331,331,331,331,331,331,331,331,331,331,331,331,331,331,331
N3q31,20,2780,2780,2780,2780,2780,2780,2780,2780,2780,2780,2780,2780,2780,2780,2780,2780,2780,2780,2780,2780,2780,2780,2780,2780,2780,2780,2780,2780,2780,2780,2780,2780,2780,2780,2780,2780,2780,2780,2780,2780,2780,2780,2780,2780,2780,2780,2780,2780,2780,2780
N3q32,20,221,221,221,221,221,221,221,221,221,221,221,221,221,221,221,221,221,221,221,221,221,221,221,221,221,221,221,221,221,221,221,221,221,221,221,221,221,221,221,221,221,221,221,221,221,221,221,221,221,221
N3q33,20,2229,2229,2229,2229,2229,2229,2229,2229,2229,2229,2229,2229,2229,2229,2229,2229,2229,2229,2229,2229,2229,2229,2229,2229,2229,2229,2229,2229,2229,2229,2229,2229,2229,2229,2229,2229,2229,2229,2229,2229,2229,2229,2229,2229,2229,2229,2229,2229,2229,2229
N3q34,20,216,216,216,216,216,216,216,216,216,216,216,216,216,216,216,216,216,216,216,216,216,216,216,216,216,216,216,216,216,216,216,216,216,216,216,216,216,216,216,216,216,216,216,216,216,216,216,216,216,216
N3q35,20,269,269,269,269,269,269,269,269,269,269,269,269,269,269,269,269,269,269,269,269,269,269,269,269,269,269,269,269,269,269,269,269,269,269,269,269,269,269,269,269,269,269,269,269,269,269,269,269,269,269
N3q41,20,1126,1126,1126,1126,1126,1126,1126,1126,1126,1126,1126,1126,1126,1126,1126,1126,1126,1126,1126,1126,1126,1126,1126,1126,1126,1126,1126,1126,1126,1126,1126,1126,1126,1126,1126,1126,1126,1126,1126,1126,1126,1126,1126,1126,1126,1126,1126,1126,1126,1126
N3q42,20,244,244,244,244,244,244,244,244,244,244,244,244,244,244,244,244,244,244,244,244,244,244,244,244,244,244,244,244,244,244,244,244,244,244,244,244,244,244,244,244,244,244,244,244,244,244,244,244,244,244
N3q43,20,1653,1653,1653,1653,1653,1653,1653,1653,1653,1653,1653,1653,1653,1653,1653,1653,1653,1653,1653,1653,1653,1653,1653,1653,1653,1653,1653,1653,1653,1653,1653,1653,1653,1653,1653,1653,1653,1653,1653,1653,1653,1653,1653,1653,1653,1653,1653,1653,1653,1653
N3q44,20,115,115,115,115,115,115,115,115,115,115,115,115,115,115,115,115,115,115,115,115,115,115,115,115,115,115,115,115,115,115,115,115,115,115,115,115,115,115,115,115,115,115,115,115,115,115,115,115,115,115
N3q51,20,1167,1167,1167,1167,1167,1167,1167,1167,1167,1167,1167,1167,1167,1167,1167,1167,1167,1167,1167,1167,1167,1167,1167,1167,1167,1167,1167,1167,1167,1167,1167,1167,1167,1167,1167,1167,1167,1167,1167,1167,1167,1167,1167,1167,1167,1167,1167,1167,1167,1167
N3q52,20,1052,1052,1052,1052,1052,1052,1052,1052,1052,1052,1052,1052,1052,1052,1052,1052,1052,1052,1052,1052,1052,1052,1052,1052,1052,1052,1052,1052,1052,1052,1052,1052,1052,1052,1052,1052,1052,1052,1052,1052,1052,1052,1052,1052,1052,1052,1052,1052,1052,1052
N3q53,20,327,327,327,327,327,327,327,327,327,327,327,327,327,327,327,327,327,327,327,327,327,327,327,327,327,327,327,327,327,327,327,327,327,327,327,327,327,327,327,327,327,327,327,327,327,327,327,327,327,327
N3q54,20,793,793,793,793,793,793,793,793,793,793,793,793,793,793,793,793,793,793,793,793,793,793,793,793,793,793,793,793,793,793,793,793,793,793,793,793,793,793,793,793,793,793,793,793,793,793,793,793,793,793
N3q61,20,77,77,77,77,77,77,77,77,77,77,77,77,77,77,77,77,77,77,77,77,77,77,77,77,77,77,77,77,77,77,77,77,77,77,77,77,77,77,77,77,77,77,77,77,77,77,77,77,77,77
N3q62,20,48,48,48,48,48,48,48,48,48,48,48,48,48,48,48,48,48,48,48,48,48,48,48,48,48,48,48,48,48,48,48,48,48,48,48,48,48,48,48,48,48,48,48,48,48,48,48,48,48,48
N3q63,20,5,5,5,5,5,5,5,5,5,5,5,5,5,5,5,5,5,5,5,5,5,5,5,5,5,5,5,5,5,5,5,5,5,5,5,5,5,5,5,5,5,5,5,5,5,5,5,5,5,5
N3q71,20,7872,7872,7872,7872,7872,7872,7872,7872,7872,7872,7872,7872,7872,7872,7872,7872,7872,7872,7872,7872,7872,7872,7872,7872,7872,7872,7872,7872,7872,7872,7872,7872,7872,7872,7872,7872,7872,7872,7872,7872,7872,7872,7872,7872,7872,7872,7872,7872,7872,7872
N3q72,20,1908,1908,1908,1908,1908,1908,1908,1908,1908,1908,1908,1908,1908,1908,1908,1908,1908,1908,1908,1908,1908,1908,1908,1908,1908,1908,1908,1908,1908,1908,1908,1908,1908,1908,1908,1908,1908,1908,1908,1908,1908,1908,1908,1908,1908,1908,1908,1908,1908,1908
N3q73,20,38,38,38,38,38,38,38,38,38,38,38,38,38,38,38,38,38,38,38,38,38,38,38,38,38,38,38,38,38,38,38,38,38,38,38,38,38,38,38,38,38,38,38,38,38,38,38,38,38,38
N3q74,20,1770,1770,1770,1770,1770,1770,1770,1770,1770,1770,1770,1770,1770,1770,1770,1770,1770,1770,1770,1770,1770,1770,1770,1770,1770,1770,1770,1770,1770,1770,1770,1770,1770,1770,1770,1770,1770,1770,1770,1770,1770,1770,1770,1770,1770,1770,1770,1770,1770,1770
N3q75,20,902,902,902,902,902,902,902,902,902,902,902,902,902,902,902,902,902,902,902,902,902,902,902,902,902,902,902,902,902,902,902,902,902,902,902,902,902,902,902,902,902,902,902,902,902,902,902,902,902,902
N3q81,20,793,793,793,793,793,793,793,793,793,793,793,793,793,793,793,793,793,793,793,793,793,793,793,793,793,793,793,793,793,793,793,793,793,793,793,793,793,793,793,793,793,793,793,793,793,793,793,793,793,793
N3q82,20,882,882,882,882,882,882,882,882,882,882,882,882,882,882,882,882,882,882,882,882,882,882,882,882,882,882,882,882,882,882,882,882,882,882,882,882,882,882,882,882,882,882,882,882,882,882,882,882,882,882
N3q83,20,2963,2963,2963,2963,2963,2963,2963,2963,2963,2963,2963,2963,2963,2963,2963,2963,2963,2963,2963,2963,2963,2963,2963,2963,2963,2963,2963,2963,2963,2963,2963,2963,2963,2963,2963,2963,2963,2963,2963,2963,2963,2963,2963,2963,2963,2963,2963,2963,2963,2963
N3q91,20,431,431,431,431,431,431,431,431,431,431,431,431,431,431,431,431,431,431,431,431,431,431,431,431,431,431,431,431,431,431,431,431,431,431,431,431,431,431,431,431,431,431,431,431,431,431,431,431,431,431
N3q92,20,55,55,55,55,55,55,55,55,55,55,55,55,55,55,55,55,55,55,55,55,55,55,55,55,55,55,55,55,55,55,55,55,55,55,55,55,55,55,55,55,55,55,55,55,55,55,55,55,55,55
N3q93,20,1665,1665,1665,1665,1665,1665,1665,1665,1665,1665,1665,1665,1665,1665,1665,1665,1665,1665,1665,1665,1665,1665,1665,1665,1665,1665,1665,1665,1665,1665,1665,1665,1665,1665,1665,1665,1665,1665,1665,1665,1665,1665,1665,1665,1665,1665,1665,1665,1665,1665
N3q94,20,123,123,123,123,123,123,123,123,123,123,123,123,123,123,123,123,123,123,123,123,123,123,123,123,123,123,123,123,123,123,123,123,123,123,123,123,123,123,123,123,123,123,123,123,123,123,123,123,123,123
N3q95,20,2,2,2,2,2,2,2,2,2,2,2,2,2,2,2,2,2,2,2,2,2,2,2,2,2,2,2,2,2,2,2,2,2,2,2,2,2,2,2,2,2,2,2,2,2,2,2,2,2,2
N3q96,20,101,101,101,101,101,101,101,101,101,101,101,101,101,101,101,101,101,101,101,101,101,101,101,101,101,101,101,101,101,101,101,101,101,101,101,101,101,101,101,101,101,101,101,101,101,101,101,101,101,101
N4q1,20,152,152,152,152,152,152,152,152,152,152,152,152,152,152,152,152,152,152,152,152,152,152,152,152,152,152,152,152,152,152,152,152,152,152,152,152,152,152,152,152,152,152,152,152,152,152,152,152,152,152
N4q11,20,5240,5240,5240,5240,5240,5240,5240,5240,5240,5240,5240,5240,5240,5240,5240,5240,5240,5240,5240,5240,5240,5240,5240,5240,5240,5240,5240,5240,5240,5240,5240,5240,5240,5240,5240,5240,5240,5240,5240,5240,5240,5240,5240,5240,5240,5240,5240,5240,5240,5240
N4q12,20,5121,5121,5121,5121,5121,5121,5121,5121,5121,5121,5121,5121,5121,5121,5121,5121,5121,5121,5121,5121,5121,5121,5121,5121,5121,5121,5121,5121,5121,5121,5121,5121,5121,5121,5121,5121,5121,5121,5121,5121,5121,5121,5121,5121,5121,5121,5121,5121,5121,5121
N4q13,20,3820,3820,3820,3820,3820,3820,3820,3820,3820,3820,3820,3820,3820,3820,3820,3820,3820,3820,3820,3820,3820,3820,3820,3820,3820,3820,3820,3820,3820,3820,3820,3820,3820,3820,3820,3820,3820,3820,3820,3820,3820,3820,3820,3820,3820,3820,3820,3820,3820,3820
N4q14,20,1476,1476,1476,1476,1476,1476,1476,1476,1476,1476,1476,1476,1476,1476,1476,1476,1476,1476,1476,1476,1476,1476,1476,1476,1476,1476,1476,1476,1476,1476,1476,1476,1476,1476,1476,1476,1476,1476,1476,1476,1476,1476,1476,1476,1476,1476,1476,1476,1476,1476
N4q21,20,6944,6944,6944,6944,6944,6944,6944,6944,6944,6944,6944,6944,6944,6944,6944,6944,6944,6944,6944,6944,6944,6944,6944,6944,6944,6944,6944,6944,6944,6944,6944,6944,6944,6944,6944,6944,6944,6944,6944,6944,6944,6944,6944,6944,6944,6944,6944,6944,6944,6944
N4q22,20,3005,3005,3005,3005,3005,3005,3005,3005,3005,3005,3005,3005,3005,3005,3005,3005,3005,3005,3005,3005,3005,3005,3005,3005,3005,3005,3005,3005,3005,3005,3005,3005,3005,3005,3005,3005,3005,3005,3005,3005,3005,3005,3005,3005,3005,3005,3005,3005,3005,3005
N4q23,20,2153,2153,2153,2153,2153,2153,2153,2153,2153,2153,2153,2153,2153,2153,2153,2153,2153,2153,2153,2153,2153,2153,2153,2153,2153,2153,2153,2153,2153,2153,2153,2153,2153,2153,2153,2153,2153,2153,2153,2153,2153,2153,2153,2153,2153,2153,2153,2153,2153,2153
N4q24,20,18719,18719,18719,18719,18719,18719,18719,18719,18719,18719,18719,18719,18719,18719,18719,18719,18719,18719,18719,18719,18719,18719,18719,18719,18719,18719,18719,18719,18719,18719,18719,18719,18719,18719,18719,18719,18719,18719,18719,18719,18719,18719,18719,18719,18719,18719,18719,18719,18719,18719
N4q25,20,9073,9073,9073,9073,9073,9073,9073,9073,9073,9073,9073,9073,9073,9073,9073,9073,9073,9073,9073,9073,9073,9073,9073,9073,9073,9073,9073,9073,9073,9073,9073,9073,9073,9073,9073,9073,9073,9073,9073,9073,9073,9073,9073,9073,9073,9073,9073,9073,9073,9073
N4q26,20,3570,3570,3570,3570,3570,3570,3570,3570,3570,3570,3570,3570,3570,3570,3570,3570,3570,3570,3570,3570,3570,3570,3570,3570,3570,3570,3570,3570,3570,3570,3570,3570,3570,3570,3570,3570,3570,3570,3570,3570,3570,3570,3570,3570,3570,3570,3570,3570,3570,3570
N4q31,20,8233,8233,8233,8233,8233,8233,8233,8233,8233,8233,8233,8233,8233,8233,8233,8233,8233,8233,8233,8233,8233,8233,8233,8233,8233,8233,8233,8233,8233,8233,8233,8233,8233,8233,8233,8233,8233,8233,8233,8233,8233,8233,8233,8233,8233,8233,8233,8233,8233,8233
N4q32,20,2127,2127,2127,2127,2127,2127,2127,2127,2127,2127,2127,2127,2127,2127,2127,2127,2127,2127,2127,2127,2127,2127,2127,2127,2127,2127,2127,2127,2127,2127,2127,2127,2127,2127,2127,2127,2127,2127,2127,2127,2127,2127,2127,2127,2127,2127,2127,2127,2127,2127
N4q33,20,15549,15549,15549,15549,15549,15549,15549,15549,15549,15549,15549,15549,15549,15549,15549,15549,15549,15549,15549,15549,15549,15549,15549,15549,15549,15549,15549,15549,15549,15549,15549,15549,15549,15549,15549,15549,15549,15549,15549,15549,15549,15549,15549,15549,15549,15549,15549,15549,15549,15549
N4q34,20,2218,2218,2218,2218,2218,2218,2218,2218,2218,2218,2218,2218,2218,2218,2218,2218,2218,2218,2218,2218,2218,2218,2218,2218,2218,2218,2218,2218,2218,2218,2218,2218,2218,2218,2218,2218,2218,2218,2218,2218,2218,2218,2218,2218,2218,2218,2218,2218,2218,2218
N4q35,20,2423,2423,2423,2423,2423,2423,2423,2423,2423,2423,2423,2423,2423,2423,2423,2423,2423,2423,2423,2423,2423,2423,2423,2423,2423,2423,2423,2423,2423,2423,2423,2423,2423,2423,2423,2423,2423,2423,2423,2423,2423,2423,2423,2423,2423,2423,2423,2423,2423,2423
N4q41,20,5777,5777,5777,5777,5777,5777,5777,5777,5777,5777,5777,5777,5777,5777,5777,5777,5777,5777,5777,5777,5777,5777,5777,5777,5777,5777,5777,5777,5777,5777,5777,5777,5777,5777,5777,5777,5777,5777,5777,5777,5777,5777,5777,5777,5777,5777,5777,5777,5777,5777
N4q42,20,4679,4679,4679,4679,4679,4679,4679,4679,4679,4679,4679,4679,4679,4679,4679,4679,4679,4679,4679,4679,4679,4679,4679,4679,4679,4679,4679,4679,4679,4679,4679,4679,4679,4679,4679,4679,4679,4679,4679,4679,4679,4679,4679,4679,4679,4679,4679,4679,4679,4679
N4q43,20,15008,15008,15008,15008,15008,15008,15008,15008,15008,15008,15008,15008,15008,15008,15008,15008,15008,15008,15008,15008,15008,15008,15008,15008,15008,15008,15008,15008,15008,15008,15008,15008,15008,15008,15008,15008,15008,15008,15008,15008,15008,15008,15008,15008,15008,15008,15008,15008,15008,15008
N4q44,20,2501,2501,2501,2501,2501,2501,2501,2501,2501,2501,2501,2501,2501,2501,2501,2501,2501,2501,2501,2501,2501,2501,2501,2501,2501,2501,2501,2501,2501,2501,2501,2501,2501,2501,2501,2501,2501,2501,2501,2501,2501,2501,2501,2501,2501,2501,2501,2501,2501,2501
N4q51,20,10155,10155,10155,10155,10155,10155,10155,10155,10155,10155,10155,10155,10155,10155,10155,10155,10155,10155,10155,10155,10155,10155,10155,10155,10155,10155,10155,10155,10155,10155,10155,10155,10155,10155,10155,10155,10155,10155,10155,10155,10155,10155,10155,10155,10155,10155,10155,10155,10155,10155
N4q52,20,28656,28656,28656,28656,28656,28656,28656,28656,28656,28656,28656,28656,28656,28656,28656,28656,28656,28656,28656,28656,28656,28656,28656,28656,28656,28656,28656,28656,28656,28656,28656,28656,28656,28656,28656,28656,28656,28656,28656,28656,28656,28656,28656,28656,28656,28656,28656,28656,28656,28656
N4q53,20,1475,1475,1475,1475,1475,1475,1475,1475,1475,1475,1475,1475,1475,1475,1475,1475,1475,1475,1475,1475,1475,1475,1475,1475,1475,1475,1475,1475,1475,1475,1475,1475,1475,1475,1475,1475,1475,1475,1475,1475,1475,1475,1475,1475,1475,1475,1475,1475,1475,1475
N4q54,20,5578,5578,5578,5578,5578,5578,5578,5578,5578,5578,5578,5578,5578,5578,5578,5578,5578,5578,5578,5578,5578,5578,5578,5578,5578,5578,5578,5578,5578,5578,5578,5578,5578,5578,5578,5578,5578,5578,5578,5578,5578,5578,5578,5578,5578,5578,5578,5578,5578,5578
N4q61,20,513,513,513,513,513,513,513,513,513,513,513,513,513,513,513,513,513,513,513,513,513,513,513,513,513,513,513,513,513,513,513,513,513,513,513,513,513,513,513,513,513,513,513,513,513,513,513,513,513,513
N4q62,20,100,100,100,100,100,100,100,100,100,100,100,100,100,100,100,100,100,100,100,100,100,100,100,100,100,100,100,100,100,100,100,100,100,100,100,100,100,100,100,100,100,100,100,100,100,100,100,100,100,100
N4q63,20,21,21,21,21,21,21,21,21,21,21,21,21,21,21,21,21,21,21,21,21,21,21,21,21,21,21,21,21,21,21,21,21,21,21,21,21,21,21,21,21,21,21,21,21,21,21,21,21,21,21
N4q71,20,3338,3338,3338,3338,3338,3338,3338,3338,3338,3338,3338,3338,3338,3338,3338,3338,3338,3338,3338,3338,3338,3338,3338,3338,3338,3338,3338,3338,3338,3338,3338,3338,3338,3338,3338,3338,3338,3338,3338,3338,3338,3338,3338,3338,3338,3338,3338,3338,3338,3338
N4q72,20,6246,6246,6246,6246,6246,6246,6246,6246,6246,6246,6246,6246,6246,6246,6246,6246,6246,6246,6246,6246,6246,6246,6246,6246,6246,6246,6246,6246,6246,6246,6246,6246,6246,6246,6246,6246,6246,6246,6246,6246,6246,6246,6246,6246,6246,6246,6246,6246,6246,6246
N4q73,20,402,402,402,402,402,402,402,402,402,402,402,402,402,402,402,402,402,402,402,402,402,402,402,402,402,402,402,402,402,402,402,402,402,402,402,402,402,402,402,402,402,402,402,402,402,402,402,402,402,402
N4q74,20,2303,2303,2303,2303,2303,2303,2303,2303,2303,2303,2303,2303,2303,2303,2303,2303,2303,2303,2303,2303,2303,2303,2303,2303,2303,2303,2303,2303,2303,2303,2303,2303,2303,2303,2303,2303,2303,2303,2303,2303,2303,2303,2303,2303,2303,2303,2303,2303,2303,2303
N4q75,20,2900,2900,2900,2900,2900,2900,2900,2900,2900,2900,2900,2900,2900,2900,2900,2900,2900,2900,2900,2900,2900,2900,2900,2900,2900,2900,2900,2900,2900,2900,2900,2900,2900,2900,2900,2900,2900,2900,2900,2900,2900,2900,2900,2900,2900,2900,2900,2900,2900,2900
N4q81,20,3148,3148,3148,3148,3148,3148,3148,3148,3148,3148,3148,3148,3148,3148,3148,3148,3148,3148,3148,3148,3148,3148,3148,3148,3148,3148,3148,3148,3148,3148,3148,3148,3148,3148,3148,3148,3148,3148,3148,3148,3148,3148,3148,3148,3148,3148,3148,3148,3148,3148
N4q82,20,3218,3218,3218,3218,3218,3218,3218,3218,3218,3218,3218,3218,3218,3218,3218,3218,3218,3218,3218,3218,3218,3218,3218,3218,3218,3218,3218,3218,3218,3218,3218,3218,3218,3218,3218,3218,3218,3218,3218,3218,3218,3218,3218,3218,3218,3218,3218,3218,3218,3218
N4q83,20,18284,18284,18284,18284,18284,18284,18284,18284,18284,18284,18284,18284,18284,18284,18284,18284,18284,18284,18284,18284,18284,18284,18284,18284,18284,18284,18284,18284,18284,18284,18284,18284,18284,18284,18284,18284,18284,18284,18284,18284,18284,18284,18284,18284,18284,18284,18284,18284,18284,18284
N4q91,20,3988,3988,3988,3988,3988,3988,3988,3988,3988,3988,3988,3988,3988,3988,3988,3988,3988,3988,3988,3988,3988,3988,3988,3988,3988,3988,3988,3988,3988,3988,3988,3988,3988,3988,3988,3988,3988,3988,3988,3988,3988,3988,3988,3988,3988,3988,3988,3988,3988,3988
N4q92,20,249,249,249,249,249,249,249,249,249,249,249,249,249,249,249,249,249,249,249,249,249,249,249,249,249,249,249,249,249,249,249,249,249,249,249,249,249,249,249,249,249,249,249,249,249,249,249,249,249,249
N4q93,20,2934,2934,2934,2934,2934,2934,2934,2934,2934,2934,2934,2934,2934,2934,2934,2934,2934,2934,2934,2934,2934,2934,2934,2934,2934,2934,2934,2934,2934,2934,2934,2934,2934,2934,2934,2934,2934,2934,2934,2934,2934,2934,2934,2934,2934,2934,2934,2934,2934,2934
N4q94,20,1798,1798,1798,1798,1798,1798,1798,1798,1798,1798,1798,1798,1798,1798,1798,1798,1798,1798,1798,1798,1798,1798,1798,1798,1798,1798,1798,1798,1798,1798,1798,1798,1798,1798,1798,1798,1798,1798,1798,1798,1798,1798,1798,1798,1798,1798,1798,1798,1798,1798
N4q95,20,18,18,18,18,18,18,18,18,18,18,18,18,18,18,18,18,18,18,18,18,18,18,18,18,18,18,18,18,18,18,18,18,18,18,18,18,18,18,18,18,18,18,18,18,18,18,18,18,18,18
N4q96,20,1143,1143,1143,1143,1143,1143,1143,1143,1143,1143,1143,1143,1143,1143,1143,1143,1143,1143,1143,1143,1143,1143,1143,1143,1143,1143,1143,1143,1143,1143,1143,1143,1143,1143,1143,1143,1143,1143,1143,1143,1143,1143,1143,1143,1143,1143,1143,1143,1143,1143
N5q1,20,3072,3072,3072,3072,3072,3072,3072,3072,3072,3072,3072,3072,3072,3072,3072,3072,3072,3072,3072,3072,3072,3072,3072,3072,3072,3072,3072,3072,3072,3072,3072,3072,3072,3072,3072,3072,3072,3072,3072,3072,3072,3072,3072,3072,3072,3072,3072,3072,3072,3072
N5q11,20,2311,2311,2311,2311,2311,2311,2311,2311,2311,2311,2311,2311,2311,2311,2311,2311,2311,2311,2311,2311,2311,2311,2311,2311,2311,2311,2311,2311,2311,2311,2311,2311,2311,2311,2311,2311,2311,2311,2311,2311,2311,2311,2311,2311,2311,2311,2311,2311,2311,2311
N5q12,20,1247,1247,1247,1247,1247,1247,1247,1247,1247,1247,1247,1247,1247,1247,1247,1247,1247,1247,1247,1247,1247,1247,1247,1247,1247,1247,1247,1247,1247,1247,1247,1247,1247,1247,1247,1247,1247,1247,1247,1247,1247,1247,1247,1247,1247,1247,1247,1247,1247,1247
N5q13,20,1905,1905,1905,1905,1905,1905,1905,1905,1905,1905,1905,1905,1905,1905,1905,1905,1905,1905,1905,1905,1905,1905,1905,1905,1905,1905,1905,1905,1905,1905,1905,1905,1905,1905,1905,1905,1905,1905,1905,1905,1905,1905,1905,1905,1905,1905,1905,1905,1905,1905
N5q14,20,610,610,610,610,610,610,610,610,610,610,610,610,610,610,610,610,610,610,610,610,610,610,610,610,610,610,610,610,610,610,610,610,610,610,610,610,610,610,610,610,610,610,610,610,610,610,610,610,610,610
N5q21,20,1851,1851,1851,1851,1851,1851,1851,1851,1851,1851,1851,1851,1851,1851,1851,1851,1851,1851,1851,1851,1851,1851,1851,1851,1851,1851,1851,1851,1851,1851,1851,1851,1851,1851,1851,1851,1851,1851,1851,1851,1851,1851,1851,1851,1851,1851,1851,1851,1851,1851
N5q22,20,10609,10609,10609,10609,10609,10609,10609,10609,10609,10609,10609,10609,10609,10609,10609,10609,10609,10609,10609,10609,10609,10609,10609,10609,10609,10609,10609,10609,10609,10609,10609,10609,10609,10609,10609,10609,10609,10609,10609,10609,10609,10609,10609,10609,10609,10609,10609,10609,10609,10609
N5q23,20,26124,26124,26124,26124,26124,26124,26124,26124,26124,26124,26124,26124,26124,26124,26124,26124,26124,26124,26124,26124,26124,26124,26124,26124,26124,26124,26124,26124,26124,26124,26124,26124,26124,26124,26124,26124,26124,26124,26124,26124,26124,26124,26124,26124,26124,26124,26124,26124,26124,26124
N5q24,20,4279,4279,4279,4279,4279,4279,4279,4279,4279,4279,4279,4279,4279,4279,4279,4279,4279,4279,4279,4279,4279,4279,4279,4279,4279,4279,4279,4279,4279,4279,4279,4279,4279,4279,4279,4279,4279,4279,4279,4279,4279,4279,4279,4279,4279,4279,4279,4279,4279,4279
N5q25,20,1400,1400,1400,1400,1400,1400,1400,1400,1400,1400,1400,1400,1400,1400,1400,1400,1400,1400,1400,1400,1400,1400,1400,1400,1400,1400,1400,1400,1400,1400,1400,1400,1400,1400,1400,1400,1400,1400,1400,1400,1400,1400,1400,1400,1400,1400,1400,1400,1400,1400
N5q26,20,6439,6439,6439,6439,6439,6439,6439,6439,6439,6439,6439,6439,6439,6439,6439,6439,6439,6439,6439,6439,6439,6439,6439,6439,6439,6439,6439,6439,6439,6439,6439,6439,6439,6439,6439,6439,6439,6439,6439,6439,6439,6439,6439,6439,6439,6439,6439,6439,6439,6439
N5q31,20,1558,1558,1558,1558,1558,1558,1558,1558,1558,1558,1558,1558,1558,1558,1558,1558,1558,1558,1558,1558,1558,1558,1558,1558,1558,1558,1558,1558,1558,1558,1558,1558,1558,1558,1558,1558,1558,1558,1558,1558,1558,1558,1558,1558,1558,1558,1558,1558,1558,1558
N5q32,20,9007,9007,9007,9007,9007,9007,9007,9007,9007,9007,9007,9007,9007,9007,9007,9007,9007,9007,9007,9007,9007,9007,9007,9007,9007,9007,9007,9007,9007,9007,9007,9007,9007,9007,9007,9007,9007,9007,9007,9007,9007,9007,9007,9007,9007,9007,9007,9007,9007,9007
N5q33,20,10266,10266,10266,10266,10266,10266,10266,10266,10266,10266,10266,10266,10266,10266,10266,10266,10266,10266,10266,10266,10266,10266,10266,10266,10266,10266,10266,10266,10266,10266,10266,10266,10266,10266,10266,10266,10266,10266,10266,10266,10266,10266,10266,10266,10266,10266,10266,10266,10266,10266
N5q34,20,2385,2385,2385,2385,2385,2385,2385,2385,2385,2385,2385,2385,2385,2385,2385,2385,2385,2385,2385,2385,2385,2385,2385,2385,2385,2385,2385,2385,2385,2385,2385,2385,2385,2385,2385,2385,2385,2385,2385,2385,2385,2385,2385,2385,2385,2385,2385,2385,2385,2385
N5q35,20,541,541,541,541,541,541,541,541,541,541,541,541,541,541,541,541,541,541,541,541,541,541,541,541,541,541,541,541,541,541,541,541,541,541,541,541,541,541,541,541,541,541,541,541,541,541,541,541,541,541
N5q41,20,4325,4325,4325,4325,4325,4325,4325,4325,4325,4325,4325,4325,4325,4325,4325,4325,4325,4325,4325,4325,4325,4325,4325,4325,4325,4325,4325,4325,4325,4325,4325,4325,4325,4325,4325,4325,4325,4325,4325,4325,4325,4325,4325,4325,4325,4325,4325,4325,4325,4325
N5q42,20,1689,1689,1689,1689,1689,1689,1689,1689,1689,1689,1689,1689,1689,1689,1689,1689,1689,1689,1689,1689,1689,1689,1689,1689,1689,1689,1689,1689,1689,1689,1689,1689,1689,1689,1689,1689,1689,1689,1689,1689,1689,1689,1689,1689,1689,1689,1689,1689,1689,1689
N5q43,20,3282,3282,3282,3282,3282,3282,3282,3282,3282,3282,3282,3282,3282,3282,3282,3282,3282,3282,3282,3282,3282,3282,3282,3282,3282,3282,3282,3282,3282,3282,3282,3282,3282,3282,3282,3282,3282,3282,3282,3282,3282,3282,3282,3282,3282,3282,3282,3282,3282,3282
N5q44,20,1251,1251,1251,1251,1251,1251,1251,1251,1251,1251,1251,1251,1251,1251,1251,1251,1251,1251,1251,1251,1251,1251,1251,1251,1251,1251,1251,1251,1251,1251,1251,1251,1251,1251,1251,1251,1251,1251,1251,1251,1251,1251,1251,1251,1251,1251,1251,1251,1251,1251
N5q51,20,6573,6573,6573,6573,6573,6573,6573,6573,6573,6573,6573,6573,6573,6573,6573,6573,6573,6573,6573,6573,6573,6573,6573,6573,6573,6573,6573,6573,6573,6573,6573,6573,6573,6573,6573,6573,6573,6573,6573,6573,6573,6573,6573,6573,6573,6573,6573,6573,6573,6573
N5q52,20,1663,1663,1663,1663,1663,1663,1663,1663,1663,1663,1663,1663,1663,1663,1663,1663,1663,1663,1663,1663,1663,1663,1663,1663,1663,1663,1663,1663,1663,1663,1663,1663,1663,1663,1663,1663,1663,1663,1663,1663,1663,1663,1663,1663,1663,1663,1663,1663,1663,1663
N5q53,20,6315,6315,6315,6315,6315,6315,6315,6315,6315,6315,6315,6315,6315,6315,6315,6315,6315,6315,6315,6315,6315,6315,6315,6315,6315,6315,6315,6315,6315,6315,6315,6315,6315,6315,6315,6315,6315,6315,6315,6315,6315,6315,6315,6315,6315,6315,6315,6315,6315,6315
N5q54,20,3485,3485,3485,3485,3485,3485,3485,3485,3485,3485,3485,3485,3485,3485,3485,3485,3485,3485,3485,3485,3485,3485,3485,3485,3485,3485,3485,3485,3485,3485,3485,3485,3485,3485,3485,3485,3485,3485,3485,3485,3485,3485,3485,3485,3485,3485,3485,3485,3485,3485
N5q61,20,178,178,178,178,178,178,178,178,178,178,178,178,178,178,178,178,178,178,178,178,178,178,178,178,178,178,178,178,178,178,178,178,178,178,178,178,178,178,178,178,178,178,178,178,178,178,178,178,178,178
N5q62,20,37,37,37,37,37,37,37,37,37,37,37,37,37,37,37,37,37,37,37,37,37,37,37,37,37,37,37,37,37,37,37,37,37,37,37,37,37,37,37,37,37,37,37,37,37,37,37,37,37,37
N5q63,20,11,11,11,11,11,11,11,11,11,11,11,11,11,11,11,11,11,11,11,11,11,11,11,11,11,11,11,11,11,11,11,11,11,11,11,11,11,11,11,11,11,11,11,11,11,11,11,11,11,11
N5q71,20,1045,1045,1045,1045,1045,1045,1045,1045,1045,1045,1045,1045,1045,1045,1045,1045,1045,1045,1045,1045,1045,1045,1045,1045,1045,1045,1045,1045,1045,1045,1045,1045,1045,1045,1045,1045,1045,1045,1045,1045,1045,1045,1045,1045,1045,1045,1045,1045,1045,1045
N5q72,20,990,990,990,990,990,990,990,990,990,990,990,990,990,990,990,990,990,990,990,990,990,990,990,990,990,990,990,990,990,990,990,990,990,990,990,990,990,990,990,990,990,990,990,990,990,990,990,990,990,990
N5q73,20,108,108,108,108,108,108,108,108,108,108,108,108,108,108,108,108,108,108,108,108,108,108,108,108,108,108,108,108,108,108,108,108,108,108,108,108,108,108,108,108,108,108,108,108,108,108,108,108,108,108
N5q74,20,496,496,496,496,496,496,496,496,496,496,496,496,496,496,496,496,496,496,496,496,496,496,496,496,496,496,496,496,496,496,496,496,496,496,496,496,496,496,496,496,496,496,496,496,496,496,496,496,496,496
N5q75,20,623,623,623,623,623,623,623,623,623,623,623,623,623,623,623,623,623,623,623,623,623,623,623,623,623,623,623,623,623,623,623,623,623,623,623,623,623,623,623,623,623,623,623,623,623,623,623,623,623,623
N5q81,20,823,823,823,823,823,823,823,823,823,823,823,823,823,823,823,823,823,823,823,823,823,823,823,823,823,823,823,823,823,823,823,823,823,823,823,823,823,823,823,823,823,823,823,823,823,823,823,823,823,823
N5q82,20,558,558,558,558,558,558,558,558,558,558,558,558,558,558,558,558,558,558,558,558,558,558,558,558,558,558,558,558,558,558,558,558,558,558,558,558,558,558,558,558,558,558,558,558,558,558,558,558,558,558
N5q83,20,2120,2120,2120,2120,2120,2120,2120,2120,2120,2120,2120,2120,2120,2120,2120,2120,2120,2120,2120,2120,2120,2120,2120,2120,2120,2120,2120,2120,2120,2120,2120,2120,2120,2120,2120,2120,2120,2120,2120,2120,2120,2120,2120,2120,2120,2120,2120,2120,2120,2120
N5q91,20,5796,5796,5796,5796,5796,5796,5796,5796,5796,5796,5796,5796,5796,5796,5796,5796,5796,5796,5796,5796,5796,5796,5796,5796,5796,5796,5796,5796,5796,5796,5796,5796,5796,5796,5796,5796,5796,5796,5796,5796,5796,5796,5796,5796,5796,5796,5796,5796,5796,5796
N5q92,20,97,97,97,97,97,97,97,97,97,97,97,97,97,97,97,97,97,97,97,97,97,97,97,97,97,97,97,97,97,97,97,97,97,97,97,97,97,97,97,97,97,97,97,97,97,97,97,97,97,97
N5q93,20,563,563,563,563,563,563,563,563,563,563,563,563,563,563,563,563,563,563,563,563,563,563,563,563,563,563,563,563,563,563,563,563,563,563,563,563,563,563,563,563,563,563,563,563,563,563,563,563,563,563
N5q94,20,1779,1779,1779,1779,1779,1779,1779,1779,1779,1779,1779,1779,1779,1779,1779,1779,1779,1779,1779,1779,1779,1779,1779,1779,1779,1779,1779,1779,1779,1779,1779,1779,1779,1779,1779,1779,1779,1779,1779,1779,1779,1779,1779,1779,1779,1779,1779,1779,1779,1779
N5q95,20,8,8,8,8,8,8,8,8,8,8,8,8,8,8,8,8,8,8,8,8,8,8,8,8,8,8,8,8,8,8,8,8,8,8,8,8,8,8,8,8,8,8,8,8,8,8,8,8,8,8
N5q96,20,1204,1204,1204,1204,1204,1204,1204,1204,1204,1204,1204,1204,1204,1204,1204,1204,1204,1204,1204,1204,1204,1204,1204,1204,1204,1204,1204,1204,1204,1204,1204,1204,1204,1204,1204,1204,1204,1204,1204,1204,1204,1204,1204,1204,1204,1204,1204,1204,1204,1204
