toret,period,,,,,,,,,,,,,,,,,,,,,,,,,,,,,,,,,,,,,,,,,,,,,,,,,,
,2021,2022,2023,2024,2025,2026,2027,2028,2029,2030,2031,2032,2033,2034,2035,2036,2037,2038,2039,2040,2041,2042,2043,2044,2045,2046,2047,2048,2049,2050,2051,2052,2053,2054,2055,2056,2057,2058,2059,2060,2061,2062,2063,2064,2065,2066,2067,2068,2069,2070,2071
-62,0,0,0,0,0,0,0,0,0,0,0,0,0,0,0,0,0,0,0,0,0,0,0,0,0,0,0,0,0,0,0,0,0,0,0,0,0,0,0,0,0,0,0,0,0,0,0,0,0,0,0
-61,0,0,0,0,0,0,0,0,0,0,0,0,0,0,0,0,0,0,0,0,0,0,0,0,0,0,0,0,0,0,0,0,0,0,0,0,0,0,0,0,0,0,0,0,0,0,0,0,0,0,0
-60,0,0,0,0,0,0,0,0,0,0,0,0,0,0,0,0,0,0,0,0,0,0,0,0,0,0,0,0,0,0,0,0,0,0,0,0,0,0,0,0,0,0,0,0,0,0,0,0,0,0,0
-59,0,0,0,0,0,0,0,0,0,0,0,0,0,0,0,0,0,0,0,0,0,0,0,0,0,0,0,0,0,0,0,0,0,0,0,0,0,0,0,0,0,0,0,0,0,0,0,0,0,0,0
-58,0,0,0,0,0,0,0,0,0,0,0,0,0,0,0,0,0,0,0,0,0,0,0,0,0,0,0,0,0,0,0,0,0,0,0,0,0,0,0,0,0,0,0,0,0,0,0,0,0,0,0
-57,0,0,0,0,0,0,0,0,0,0,0,0,0,0,0,0,0,0,0,0,0,0,0,0,0,0,0,0,0,0,0,0,0,0,0,0,0,0,0,0,0,0,0,0,0,0,0,0,0,0,0
-56,0,0,0,0,0,0,0,0,0,0,0,0,0,0,0,0,0,0,0,0,0,0,0,0,0,0,0,0,0,0,0,0,0,0,0,0,0,0,0,0,0,0,0,0,0,0,0,0,0,0,0
-55,0,0,0,0,0,0,0,0,0,0,0,0,0,0,0,0,0,0,0,0,0,0,0,0,0,0,0,0,0,0,0,0,0,0,0,0,0,0,0,0,0,0,0,0,0,0,0,0,0,0,0
-54,0,0,0,0,0,0,0,0,0,0,0,0,0,0,0,0,0,0,0,0,0,0,0,0,0,0,0,0,0,0,0,0,0,0,0,0,0,0,0,0,0,0,0,0,0,0,0,0,0,0,0
-53,0,0,0,0,0,0,0,0,0,0,0,0,0,0,0,0,0,0,0,0,0,0,0,0,0,0,0,0,0,0,0,0,0,0,0,0,0,0,0,0,0,0,0,0,0,0,0,0,0,0,0
-52,0,0,0,0,0,0,0,0,0,0,0,0,0,0,0,0,0,0,0,0,0,0,0,0,0,0,0,0,0,0,0,0,0,0,0,0,0,0,0,0,0,0,0,0,0,0,0,0,0,0,0
-51,0,0,0,0,0,0,0,0,0,0,0,0,0,0,0,0,0,0,0,0,0,0,0,0,0,0,0,0,0,0,0,0,0,0,0,0,0,0,0,0,0,0,0,0,0,0,0,0,0,0,0
-50,0,0,0,0,0,0,0,0,0,0,0,0,0,0,0,0,0,0,0,0,0,0,0,0,0,0,0,0,0,0,0,0,0,0,0,0,0,0,0,0,0,0,0,0,0,0,0,0,0,0,0
-49,0,0,0,0,0,0,0,0,0,0,0,0,0,0,0,0,0,0,0,0,0,0,0,0,0,0,0,0,0,0,0,0,0,0,0,0,0,0,0,0,0,0,0,0,0,0,0,0,0,0,0
-48,0,0,0,0,0,0,0,0,0,0,0,0,0,0,0,0,0,0,0,0,0,0,0,0,0,0,0,0,0,0,0,0,0,0,0,0,0,0,0,0,0,0,0,0,0,0,0,0,0,0,0
-47,0,0,0,0,0,0,0,0,0,0,0,0,0,0,0,0,0,0,0,0,0,0,0,0,0,0,0,0,0,0,0,0,0,0,0,0,0,0,0,0,0,0,0,0,0,0,0,0,0,0,0
-46,0,0,0,0,0,0,0,0,0,0,0,0,0,0,0,0,0,0,0,0,0,0,0,0,0,0,0,0,0,0,0,0,0,0,0,0,0,0,0,0,0,0,0,0,0,0,0,0,0,0,0
-45,0.00203392432266482,0.00203392432266482,0.00203392432266482,0.00203392432266482,0.00203392432266482,0.00203392432266482,0.00203392432266482,0.00203392432266482,0.00203392432266482,0.00203392432266482,0.00203392432266482,0.00203392432266482,0.00203392432266482,0.00203392432266482,0.00203392432266482,0.00203392432266482,0.00203392432266482,0.00203392432266482,0.00203392432266482,0.00203392432266482,0.00203392432266482,0.00203392432266482,0.00203392432266482,0.00203392432266482,0.00203392432266482,0.00203392432266482,0.00203392432266482,0.00203392432266482,0.00203392432266482,0.00203392432266482,0.00203392432266482,0.00203392432266482,0.00203392432266482,0.00203392432266482,0.00203392432266482,0.00203392432266482,0.00203392432266482,0.00203392432266482,0.00203392432266482,0.00203392432266482,0.00203392432266482,0.00203392432266482,0.00203392432266482,0.00203392432266482,0.00203392432266482,0.00203392432266482,0.00203392432266482,0.00203392432266482,0.00203392432266482,0.00203392432266482,0.00203392432266482
-44,0.0105458119141216,0.0105458119141216,0.0105458119141216,0.0105458119141216,0.0105458119141216,0.0105458119141216,0.0105458119141216,0.0105458119141216,0.0105458119141216,0.0105458119141216,0.0105458119141216,0.0105458119141216,0.0105458119141216,0.0105458119141216,0.0105458119141216,0.0105458119141216,0.0105458119141216,0.0105458119141216,0.0105458119141216,0.0105458119141216,0.0105458119141216,0.0105458119141216,0.0105458119141216,0.0105458119141216,0.0105458119141216,0.0105458119141216,0.0105458119141216,0.0105458119141216,0.0105458119141216,0.0105458119141216,0.0105458119141216,0.0105458119141216,0.0105458119141216,0.0105458119141216,0.0105458119141216,0.0105458119141216,0.0105458119141216,0.0105458119141216,0.0105458119141216,0.0105458119141216,0.0105458119141216,0.0105458119141216,0.0105458119141216,0.0105458119141216,0.0105458119141216,0.0105458119141216,0.0105458119141216,0.0105458119141216,0.0105458119141216,0.0105458119141216,0.0105458119141216
-43,0.0171848542709947,0.0171848542709947,0.0171848542709947,0.0171848542709947,0.0171848542709947,0.0171848542709947,0.0171848542709947,0.0171848542709947,0.0171848542709947,0.0171848542709947,0.0171848542709947,0.0171848542709947,0.0171848542709947,0.0171848542709947,0.0171848542709947,0.0171848542709947,0.0171848542709947,0.0171848542709947,0.0171848542709947,0.0171848542709947,0.0171848542709947,0.0171848542709947,0.0171848542709947,0.0171848542709947,0.0171848542709947,0.0171848542709947,0.0171848542709947,0.0171848542709947,0.0171848542709947,0.0171848542709947,0.0171848542709947,0.0171848542709947,0.0171848542709947,0.0171848542709947,0.0171848542709947,0.0171848542709947,0.0171848542709947,0.0171848542709947,0.0171848542709947,0.0171848542709947,0.0171848542709947,0.0171848542709947,0.0171848542709947,0.0171848542709947,0.0171848542709947,0.0171848542709947,0.0171848542709947,0.0171848542709947,0.0171848542709947,0.0171848542709947,0.0171848542709947
-42,0.0220992540188422,0.0220992540188422,0.0220992540188422,0.0220992540188422,0.0220992540188422,0.0220992540188422,0.0220992540188422,0.0220992540188422,0.0220992540188422,0.0220992540188422,0.0220992540188422,0.0220992540188422,0.0220992540188422,0.0220992540188422,0.0220992540188422,0.0220992540188422,0.0220992540188422,0.0220992540188422,0.0220992540188422,0.0220992540188422,0.0220992540188422,0.0220992540188422,0.0220992540188422,0.0220992540188422,0.0220992540188422,0.0220992540188422,0.0220992540188422,0.0220992540188422,0.0220992540188422,0.0220992540188422,0.0220992540188422,0.0220992540188422,0.0220992540188422,0.0220992540188422,0.0220992540188422,0.0220992540188422,0.0220992540188422,0.0220992540188422,0.0220992540188422,0.0220992540188422,0.0220992540188422,0.0220992540188422,0.0220992540188422,0.0220992540188422,0.0220992540188422,0.0220992540188422,0.0220992540188422,0.0220992540188422,0.0220992540188422,0.0220992540188422,0.0220992540188422
-41,0.022719437357788,0.022719437357788,0.022719437357788,0.022719437357788,0.022719437357788,0.022719437357788,0.022719437357788,0.022719437357788,0.022719437357788,0.022719437357788,0.022719437357788,0.022719437357788,0.022719437357788,0.022719437357788,0.022719437357788,0.022719437357788,0.022719437357788,0.022719437357788,0.022719437357788,0.022719437357788,0.022719437357788,0.022719437357788,0.022719437357788,0.022719437357788,0.022719437357788,0.022719437357788,0.022719437357788,0.022719437357788,0.022719437357788,0.022719437357788,0.022719437357788,0.022719437357788,0.022719437357788,0.022719437357788,0.022719437357788,0.022719437357788,0.022719437357788,0.022719437357788,0.022719437357788,0.022719437357788,0.022719437357788,0.022719437357788,0.022719437357788,0.022719437357788,0.022719437357788,0.022719437357788,0.022719437357788,0.022719437357788,0.022719437357788,0.022719437357788,0.022719437357788
-40,0.0238497465964424,0.0238497465964424,0.0238497465964424,0.0238497465964424,0.0238497465964424,0.0238497465964424,0.0238497465964424,0.0238497465964424,0.0238497465964424,0.0238497465964424,0.0238497465964424,0.0238497465964424,0.0238497465964424,0.0238497465964424,0.0238497465964424,0.0238497465964424,0.0238497465964424,0.0238497465964424,0.0238497465964424,0.0238497465964424,0.0238497465964424,0.0238497465964424,0.0238497465964424,0.0238497465964424,0.0238497465964424,0.0238497465964424,0.0238497465964424,0.0238497465964424,0.0238497465964424,0.0238497465964424,0.0238497465964424,0.0238497465964424,0.0238497465964424,0.0238497465964424,0.0238497465964424,0.0238497465964424,0.0238497465964424,0.0238497465964424,0.0238497465964424,0.0238497465964424,0.0238497465964424,0.0238497465964424,0.0238497465964424,0.0238497465964424,0.0238497465964424,0.0238497465964424,0.0238497465964424,0.0238497465964424,0.0238497465964424,0.0238497465964424,0.0238497465964424
-39,0.0272806705284619,0.0272806705284619,0.0272806705284619,0.0272806705284619,0.0272806705284619,0.0272806705284619,0.0272806705284619,0.0272806705284619,0.0272806705284619,0.0272806705284619,0.0272806705284619,0.0272806705284619,0.0272806705284619,0.0272806705284619,0.0272806705284619,0.0272806705284619,0.0272806705284619,0.0272806705284619,0.0272806705284619,0.0272806705284619,0.0272806705284619,0.0272806705284619,0.0272806705284619,0.0272806705284619,0.0272806705284619,0.0272806705284619,0.0272806705284619,0.0272806705284619,0.0272806705284619,0.0272806705284619,0.0272806705284619,0.0272806705284619,0.0272806705284619,0.0272806705284619,0.0272806705284619,0.0272806705284619,0.0272806705284619,0.0272806705284619,0.0272806705284619,0.0272806705284619,0.0272806705284619,0.0272806705284619,0.0272806705284619,0.0272806705284619,0.0272806705284619,0.0272806705284619,0.0272806705284619,0.0272806705284619,0.0272806705284619,0.0272806705284619,0.0272806705284619
-38,0.0267662914972099,0.0267662914972099,0.0267662914972099,0.0267662914972099,0.0267662914972099,0.0267662914972099,0.0267662914972099,0.0267662914972099,0.0267662914972099,0.0267662914972099,0.0267662914972099,0.0267662914972099,0.0267662914972099,0.0267662914972099,0.0267662914972099,0.0267662914972099,0.0267662914972099,0.0267662914972099,0.0267662914972099,0.0267662914972099,0.0267662914972099,0.0267662914972099,0.0267662914972099,0.0267662914972099,0.0267662914972099,0.0267662914972099,0.0267662914972099,0.0267662914972099,0.0267662914972099,0.0267662914972099,0.0267662914972099,0.0267662914972099,0.0267662914972099,0.0267662914972099,0.0267662914972099,0.0267662914972099,0.0267662914972099,0.0267662914972099,0.0267662914972099,0.0267662914972099,0.0267662914972099,0.0267662914972099,0.0267662914972099,0.0267662914972099,0.0267662914972099,0.0267662914972099,0.0267662914972099,0.0267662914972099,0.0267662914972099,0.0267662914972099,0.0267662914972099
-37,0.0258080150243843,0.0258080150243843,0.0258080150243843,0.0258080150243843,0.0258080150243843,0.0258080150243843,0.0258080150243843,0.0258080150243843,0.0258080150243843,0.0258080150243843,0.0258080150243843,0.0258080150243843,0.0258080150243843,0.0258080150243843,0.0258080150243843,0.0258080150243843,0.0258080150243843,0.0258080150243843,0.0258080150243843,0.0258080150243843,0.0258080150243843,0.0258080150243843,0.0258080150243843,0.0258080150243843,0.0258080150243843,0.0258080150243843,0.0258080150243843,0.0258080150243843,0.0258080150243843,0.0258080150243843,0.0258080150243843,0.0258080150243843,0.0258080150243843,0.0258080150243843,0.0258080150243843,0.0258080150243843,0.0258080150243843,0.0258080150243843,0.0258080150243843,0.0258080150243843,0.0258080150243843,0.0258080150243843,0.0258080150243843,0.0258080150243843,0.0258080150243843,0.0258080150243843,0.0258080150243843,0.0258080150243843,0.0258080150243843,0.0258080150243843,0.0258080150243843
-36,0.0263882767739092,0.0263882767739092,0.0263882767739092,0.0263882767739092,0.0263882767739092,0.0263882767739092,0.0263882767739092,0.0263882767739092,0.0263882767739092,0.0263882767739092,0.0263882767739092,0.0263882767739092,0.0263882767739092,0.0263882767739092,0.0263882767739092,0.0263882767739092,0.0263882767739092,0.0263882767739092,0.0263882767739092,0.0263882767739092,0.0263882767739092,0.0263882767739092,0.0263882767739092,0.0263882767739092,0.0263882767739092,0.0263882767739092,0.0263882767739092,0.0263882767739092,0.0263882767739092,0.0263882767739092,0.0263882767739092,0.0263882767739092,0.0263882767739092,0.0263882767739092,0.0263882767739092,0.0263882767739092,0.0263882767739092,0.0263882767739092,0.0263882767739092,0.0263882767739092,0.0263882767739092,0.0263882767739092,0.0263882767739092,0.0263882767739092,0.0263882767739092,0.0263882767739092,0.0263882767739092,0.0263882767739092,0.0263882767739092,0.0263882767739092,0.0263882767739092
-35,0.0273807654049526,0.0273807654049526,0.0273807654049526,0.0273807654049526,0.0273807654049526,0.0273807654049526,0.0273807654049526,0.0273807654049526,0.0273807654049526,0.0273807654049526,0.0273807654049526,0.0273807654049526,0.0273807654049526,0.0273807654049526,0.0273807654049526,0.0273807654049526,0.0273807654049526,0.0273807654049526,0.0273807654049526,0.0273807654049526,0.0273807654049526,0.0273807654049526,0.0273807654049526,0.0273807654049526,0.0273807654049526,0.0273807654049526,0.0273807654049526,0.0273807654049526,0.0273807654049526,0.0273807654049526,0.0273807654049526,0.0273807654049526,0.0273807654049526,0.0273807654049526,0.0273807654049526,0.0273807654049526,0.0273807654049526,0.0273807654049526,0.0273807654049526,0.0273807654049526,0.0273807654049526,0.0273807654049526,0.0273807654049526,0.0273807654049526,0.0273807654049526,0.0273807654049526,0.0273807654049526,0.0273807654049526,0.0273807654049526,0.0273807654049526,0.0273807654049526
-34,0.0296704407602103,0.0296704407602103,0.0296704407602103,0.0296704407602103,0.0296704407602103,0.0296704407602103,0.0296704407602103,0.0296704407602103,0.0296704407602103,0.0296704407602103,0.0296704407602103,0.0296704407602103,0.0296704407602103,0.0296704407602103,0.0296704407602103,0.0296704407602103,0.0296704407602103,0.0296704407602103,0.0296704407602103,0.0296704407602103,0.0296704407602103,0.0296704407602103,0.0296704407602103,0.0296704407602103,0.0296704407602103,0.0296704407602103,0.0296704407602103,0.0296704407602103,0.0296704407602103,0.0296704407602103,0.0296704407602103,0.0296704407602103,0.0296704407602103,0.0296704407602103,0.0296704407602103,0.0296704407602103,0.0296704407602103,0.0296704407602103,0.0296704407602103,0.0296704407602103,0.0296704407602103,0.0296704407602103,0.0296704407602103,0.0296704407602103,0.0296704407602103,0.0296704407602103,0.0296704407602103,0.0296704407602103,0.0296704407602103,0.0296704407602103,0.0296704407602103
-33,0.0324102513698798,0.0324102513698798,0.0324102513698798,0.0324102513698798,0.0324102513698798,0.0324102513698798,0.0324102513698798,0.0324102513698798,0.0324102513698798,0.0324102513698798,0.0324102513698798,0.0324102513698798,0.0324102513698798,0.0324102513698798,0.0324102513698798,0.0324102513698798,0.0324102513698798,0.0324102513698798,0.0324102513698798,0.0324102513698798,0.0324102513698798,0.0324102513698798,0.0324102513698798,0.0324102513698798,0.0324102513698798,0.0324102513698798,0.0324102513698798,0.0324102513698798,0.0324102513698798,0.0324102513698798,0.0324102513698798,0.0324102513698798,0.0324102513698798,0.0324102513698798,0.0324102513698798,0.0324102513698798,0.0324102513698798,0.0324102513698798,0.0324102513698798,0.0324102513698798,0.0324102513698798,0.0324102513698798,0.0324102513698798,0.0324102513698798,0.0324102513698798,0.0324102513698798,0.0324102513698798,0.0324102513698798,0.0324102513698798,0.0324102513698798,0.0324102513698798
-32,0.0318734852750373,0.0318734852750373,0.0318734852750373,0.0318734852750373,0.0318734852750373,0.0318734852750373,0.0318734852750373,0.0318734852750373,0.0318734852750373,0.0318734852750373,0.0318734852750373,0.0318734852750373,0.0318734852750373,0.0318734852750373,0.0318734852750373,0.0318734852750373,0.0318734852750373,0.0318734852750373,0.0318734852750373,0.0318734852750373,0.0318734852750373,0.0318734852750373,0.0318734852750373,0.0318734852750373,0.0318734852750373,0.0318734852750373,0.0318734852750373,0.0318734852750373,0.0318734852750373,0.0318734852750373,0.0318734852750373,0.0318734852750373,0.0318734852750373,0.0318734852750373,0.0318734852750373,0.0318734852750373,0.0318734852750373,0.0318734852750373,0.0318734852750373,0.0318734852750373,0.0318734852750373,0.0318734852750373,0.0318734852750373,0.0318734852750373,0.0318734852750373,0.0318734852750373,0.0318734852750373,0.0318734852750373,0.0318734852750373,0.0318734852750373,0.0318734852750373
-31,0.0317018776528141,0.0317018776528141,0.0317018776528141,0.0317018776528141,0.0317018776528141,0.0317018776528141,0.0317018776528141,0.0317018776528141,0.0317018776528141,0.0317018776528141,0.0317018776528141,0.0317018776528141,0.0317018776528141,0.0317018776528141,0.0317018776528141,0.0317018776528141,0.0317018776528141,0.0317018776528141,0.0317018776528141,0.0317018776528141,0.0317018776528141,0.0317018776528141,0.0317018776528141,0.0317018776528141,0.0317018776528141,0.0317018776528141,0.0317018776528141,0.0317018776528141,0.0317018776528141,0.0317018776528141,0.0317018776528141,0.0317018776528141,0.0317018776528141,0.0317018776528141,0.0317018776528141,0.0317018776528141,0.0317018776528141,0.0317018776528141,0.0317018776528141,0.0317018776528141,0.0317018776528141,0.0317018776528141,0.0317018776528141,0.0317018776528141,0.0317018776528141,0.0317018776528141,0.0317018776528141,0.0317018776528141,0.0317018776528141,0.0317018776528141,0.0317018776528141
-30,0.0325903771748677,0.0325903771748677,0.0325903771748677,0.0325903771748677,0.0325903771748677,0.0325903771748677,0.0325903771748677,0.0325903771748677,0.0325903771748677,0.0325903771748677,0.0325903771748677,0.0325903771748677,0.0325903771748677,0.0325903771748677,0.0325903771748677,0.0325903771748677,0.0325903771748677,0.0325903771748677,0.0325903771748677,0.0325903771748677,0.0325903771748677,0.0325903771748677,0.0325903771748677,0.0325903771748677,0.0325903771748677,0.0325903771748677,0.0325903771748677,0.0325903771748677,0.0325903771748677,0.0325903771748677,0.0325903771748677,0.0325903771748677,0.0325903771748677,0.0325903771748677,0.0325903771748677,0.0325903771748677,0.0325903771748677,0.0325903771748677,0.0325903771748677,0.0325903771748677,0.0325903771748677,0.0325903771748677,0.0325903771748677,0.0325903771748677,0.0325903771748677,0.0325903771748677,0.0325903771748677,0.0325903771748677,0.0325903771748677,0.0325903771748677,0.0325903771748677
-29,0.0322268103070428,0.0322268103070428,0.0322268103070428,0.0322268103070428,0.0322268103070428,0.0322268103070428,0.0322268103070428,0.0322268103070428,0.0322268103070428,0.0322268103070428,0.0322268103070428,0.0322268103070428,0.0322268103070428,0.0322268103070428,0.0322268103070428,0.0322268103070428,0.0322268103070428,0.0322268103070428,0.0322268103070428,0.0322268103070428,0.0322268103070428,0.0322268103070428,0.0322268103070428,0.0322268103070428,0.0322268103070428,0.0322268103070428,0.0322268103070428,0.0322268103070428,0.0322268103070428,0.0322268103070428,0.0322268103070428,0.0322268103070428,0.0322268103070428,0.0322268103070428,0.0322268103070428,0.0322268103070428,0.0322268103070428,0.0322268103070428,0.0322268103070428,0.0322268103070428,0.0322268103070428,0.0322268103070428,0.0322268103070428,0.0322268103070428,0.0322268103070428,0.0322268103070428,0.0322268103070428,0.0322268103070428,0.0322268103070428,0.0322268103070428,0.0322268103070428
-28,0.0340368977090983,0.0340368977090983,0.0340368977090983,0.0340368977090983,0.0340368977090983,0.0340368977090983,0.0340368977090983,0.0340368977090983,0.0340368977090983,0.0340368977090983,0.0340368977090983,0.0340368977090983,0.0340368977090983,0.0340368977090983,0.0340368977090983,0.0340368977090983,0.0340368977090983,0.0340368977090983,0.0340368977090983,0.0340368977090983,0.0340368977090983,0.0340368977090983,0.0340368977090983,0.0340368977090983,0.0340368977090983,0.0340368977090983,0.0340368977090983,0.0340368977090983,0.0340368977090983,0.0340368977090983,0.0340368977090983,0.0340368977090983,0.0340368977090983,0.0340368977090983,0.0340368977090983,0.0340368977090983,0.0340368977090983,0.0340368977090983,0.0340368977090983,0.0340368977090983,0.0340368977090983,0.0340368977090983,0.0340368977090983,0.0340368977090983,0.0340368977090983,0.0340368977090983,0.0340368977090983,0.0340368977090983,0.0340368977090983,0.0340368977090983,0.0340368977090983
-27,0.0365013621564154,0.0365013621564154,0.0365013621564154,0.0365013621564154,0.0365013621564154,0.0365013621564154,0.0365013621564154,0.0365013621564154,0.0365013621564154,0.0365013621564154,0.0365013621564154,0.0365013621564154,0.0365013621564154,0.0365013621564154,0.0365013621564154,0.0365013621564154,0.0365013621564154,0.0365013621564154,0.0365013621564154,0.0365013621564154,0.0365013621564154,0.0365013621564154,0.0365013621564154,0.0365013621564154,0.0365013621564154,0.0365013621564154,0.0365013621564154,0.0365013621564154,0.0365013621564154,0.0365013621564154,0.0365013621564154,0.0365013621564154,0.0365013621564154,0.0365013621564154,0.0365013621564154,0.0365013621564154,0.0365013621564154,0.0365013621564154,0.0365013621564154,0.0365013621564154,0.0365013621564154,0.0365013621564154,0.0365013621564154,0.0365013621564154,0.0365013621564154,0.0365013621564154,0.0365013621564154,0.0365013621564154,0.0365013621564154,0.0365013621564154,0.0365013621564154
-26,0.0385749493882581,0.0385749493882581,0.0385749493882581,0.0385749493882581,0.0385749493882581,0.0385749493882581,0.0385749493882581,0.0385749493882581,0.0385749493882581,0.0385749493882581,0.0385749493882581,0.0385749493882581,0.0385749493882581,0.0385749493882581,0.0385749493882581,0.0385749493882581,0.0385749493882581,0.0385749493882581,0.0385749493882581,0.0385749493882581,0.0385749493882581,0.0385749493882581,0.0385749493882581,0.0385749493882581,0.0385749493882581,0.0385749493882581,0.0385749493882581,0.0385749493882581,0.0385749493882581,0.0385749493882581,0.0385749493882581,0.0385749493882581,0.0385749493882581,0.0385749493882581,0.0385749493882581,0.0385749493882581,0.0385749493882581,0.0385749493882581,0.0385749493882581,0.0385749493882581,0.0385749493882581,0.0385749493882581,0.0385749493882581,0.0385749493882581,0.0385749493882581,0.0385749493882581,0.0385749493882581,0.0385749493882581,0.0385749493882581,0.0385749493882581,0.0385749493882581
-25,0.0397349545136459,0.0397349545136459,0.0397349545136459,0.0397349545136459,0.0397349545136459,0.0397349545136459,0.0397349545136459,0.0397349545136459,0.0397349545136459,0.0397349545136459,0.0397349545136459,0.0397349545136459,0.0397349545136459,0.0397349545136459,0.0397349545136459,0.0397349545136459,0.0397349545136459,0.0397349545136459,0.0397349545136459,0.0397349545136459,0.0397349545136459,0.0397349545136459,0.0397349545136459,0.0397349545136459,0.0397349545136459,0.0397349545136459,0.0397349545136459,0.0397349545136459,0.0397349545136459,0.0397349545136459,0.0397349545136459,0.0397349545136459,0.0397349545136459,0.0397349545136459,0.0397349545136459,0.0397349545136459,0.0397349545136459,0.0397349545136459,0.0397349545136459,0.0397349545136459,0.0397349545136459,0.0397349545136459,0.0397349545136459,0.0397349545136459,0.0397349545136459,0.0397349545136459,0.0397349545136459,0.0397349545136459,0.0397349545136459,0.0397349545136459,0.0397349545136459
-24,0.0415150111397878,0.0415150111397878,0.0415150111397878,0.0415150111397878,0.0415150111397878,0.0415150111397878,0.0415150111397878,0.0415150111397878,0.0415150111397878,0.0415150111397878,0.0415150111397878,0.0415150111397878,0.0415150111397878,0.0415150111397878,0.0415150111397878,0.0415150111397878,0.0415150111397878,0.0415150111397878,0.0415150111397878,0.0415150111397878,0.0415150111397878,0.0415150111397878,0.0415150111397878,0.0415150111397878,0.0415150111397878,0.0415150111397878,0.0415150111397878,0.0415150111397878,0.0415150111397878,0.0415150111397878,0.0415150111397878,0.0415150111397878,0.0415150111397878,0.0415150111397878,0.0415150111397878,0.0415150111397878,0.0415150111397878,0.0415150111397878,0.0415150111397878,0.0415150111397878,0.0415150111397878,0.0415150111397878,0.0415150111397878,0.0415150111397878,0.0415150111397878,0.0415150111397878,0.0415150111397878,0.0415150111397878,0.0415150111397878,0.0415150111397878,0.0415150111397878
-23,0.0448068706760069,0.0448068706760069,0.0448068706760069,0.0448068706760069,0.0448068706760069,0.0448068706760069,0.0448068706760069,0.0448068706760069,0.0448068706760069,0.0448068706760069,0.0448068706760069,0.0448068706760069,0.0448068706760069,0.0448068706760069,0.0448068706760069,0.0448068706760069,0.0448068706760069,0.0448068706760069,0.0448068706760069,0.0448068706760069,0.0448068706760069,0.0448068706760069,0.0448068706760069,0.0448068706760069,0.0448068706760069,0.0448068706760069,0.0448068706760069,0.0448068706760069,0.0448068706760069,0.0448068706760069,0.0448068706760069,0.0448068706760069,0.0448068706760069,0.0448068706760069,0.0448068706760069,0.0448068706760069,0.0448068706760069,0.0448068706760069,0.0448068706760069,0.0448068706760069,0.0448068706760069,0.0448068706760069,0.0448068706760069,0.0448068706760069,0.0448068706760069,0.0448068706760069,0.0448068706760069,0.0448068706760069,0.0448068706760069,0.0448068706760069,0.0448068706760069
-22,0.0461717428087986,0.0461717428087986,0.0461717428087986,0.0461717428087986,0.0461717428087986,0.0461717428087986,0.0461717428087986,0.0461717428087986,0.0461717428087986,0.0461717428087986,0.0461717428087986,0.0461717428087986,0.0461717428087986,0.0461717428087986,0.0461717428087986,0.0461717428087986,0.0461717428087986,0.0461717428087986,0.0461717428087986,0.0461717428087986,0.0461717428087986,0.0461717428087986,0.0461717428087986,0.0461717428087986,0.0461717428087986,0.0461717428087986,0.0461717428087986,0.0461717428087986,0.0461717428087986,0.0461717428087986,0.0461717428087986,0.0461717428087986,0.0461717428087986,0.0461717428087986,0.0461717428087986,0.0461717428087986,0.0461717428087986,0.0461717428087986,0.0461717428087986,0.0461717428087986,0.0461717428087986,0.0461717428087986,0.0461717428087986,0.0461717428087986,0.0461717428087986,0.0461717428087986,0.0461717428087986,0.0461717428087986,0.0461717428087986,0.0461717428087986,0.0461717428087986
-21,0.0474909272932049,0.0474909272932049,0.0474909272932049,0.0474909272932049,0.0474909272932049,0.0474909272932049,0.0474909272932049,0.0474909272932049,0.0474909272932049,0.0474909272932049,0.0474909272932049,0.0474909272932049,0.0474909272932049,0.0474909272932049,0.0474909272932049,0.0474909272932049,0.0474909272932049,0.0474909272932049,0.0474909272932049,0.0474909272932049,0.0474909272932049,0.0474909272932049,0.0474909272932049,0.0474909272932049,0.0474909272932049,0.0474909272932049,0.0474909272932049,0.0474909272932049,0.0474909272932049,0.0474909272932049,0.0474909272932049,0.0474909272932049,0.0474909272932049,0.0474909272932049,0.0474909272932049,0.0474909272932049,0.0474909272932049,0.0474909272932049,0.0474909272932049,0.0474909272932049,0.0474909272932049,0.0474909272932049,0.0474909272932049,0.0474909272932049,0.0474909272932049,0.0474909272932049,0.0474909272932049,0.0474909272932049,0.0474909272932049,0.0474909272932049,0.0474909272932049
-20,0.0528809192345253,0.0528809192345253,0.0528809192345253,0.0528809192345253,0.0528809192345253,0.0528809192345253,0.0528809192345253,0.0528809192345253,0.0528809192345253,0.0528809192345253,0.0528809192345253,0.0528809192345253,0.0528809192345253,0.0528809192345253,0.0528809192345253,0.0528809192345253,0.0528809192345253,0.0528809192345253,0.0528809192345253,0.0528809192345253,0.0528809192345253,0.0528809192345253,0.0528809192345253,0.0528809192345253,0.0528809192345253,0.0528809192345253,0.0528809192345253,0.0528809192345253,0.0528809192345253,0.0528809192345253,0.0528809192345253,0.0528809192345253,0.0528809192345253,0.0528809192345253,0.0528809192345253,0.0528809192345253,0.0528809192345253,0.0528809192345253,0.0528809192345253,0.0528809192345253,0.0528809192345253,0.0528809192345253,0.0528809192345253,0.0528809192345253,0.0528809192345253,0.0528809192345253,0.0528809192345253,0.0528809192345253,0.0528809192345253,0.0528809192345253,0.0528809192345253
-19,0.0574688535592936,0.0574688535592936,0.0574688535592936,0.0574688535592936,0.0574688535592936,0.0574688535592936,0.0574688535592936,0.0574688535592936,0.0574688535592936,0.0574688535592936,0.0574688535592936,0.0574688535592936,0.0574688535592936,0.0574688535592936,0.0574688535592936,0.0574688535592936,0.0574688535592936,0.0574688535592936,0.0574688535592936,0.0574688535592936,0.0574688535592936,0.0574688535592936,0.0574688535592936,0.0574688535592936,0.0574688535592936,0.0574688535592936,0.0574688535592936,0.0574688535592936,0.0574688535592936,0.0574688535592936,0.0574688535592936,0.0574688535592936,0.0574688535592936,0.0574688535592936,0.0574688535592936,0.0574688535592936,0.0574688535592936,0.0574688535592936,0.0574688535592936,0.0574688535592936,0.0574688535592936,0.0574688535592936,0.0574688535592936,0.0574688535592936,0.0574688535592936,0.0574688535592936,0.0574688535592936,0.0574688535592936,0.0574688535592936,0.0574688535592936,0.0574688535592936
-18,0.063863723363532,0.063863723363532,0.063863723363532,0.063863723363532,0.063863723363532,0.063863723363532,0.063863723363532,0.063863723363532,0.063863723363532,0.063863723363532,0.063863723363532,0.063863723363532,0.063863723363532,0.063863723363532,0.063863723363532,0.063863723363532,0.063863723363532,0.063863723363532,0.063863723363532,0.063863723363532,0.063863723363532,0.063863723363532,0.063863723363532,0.063863723363532,0.063863723363532,0.063863723363532,0.063863723363532,0.063863723363532,0.063863723363532,0.063863723363532,0.063863723363532,0.063863723363532,0.063863723363532,0.063863723363532,0.063863723363532,0.063863723363532,0.063863723363532,0.063863723363532,0.063863723363532,0.063863723363532,0.063863723363532,0.063863723363532,0.063863723363532,0.063863723363532,0.063863723363532,0.063863723363532,0.063863723363532,0.063863723363532,0.063863723363532,0.063863723363532,0.063863723363532
-17,0.0641047921101794,0.0641047921101794,0.0641047921101794,0.0641047921101794,0.0641047921101794,0.0641047921101794,0.0641047921101794,0.0641047921101794,0.0641047921101794,0.0641047921101794,0.0641047921101794,0.0641047921101794,0.0641047921101794,0.0641047921101794,0.0641047921101794,0.0641047921101794,0.0641047921101794,0.0641047921101794,0.0641047921101794,0.0641047921101794,0.0641047921101794,0.0641047921101794,0.0641047921101794,0.0641047921101794,0.0641047921101794,0.0641047921101794,0.0641047921101794,0.0641047921101794,0.0641047921101794,0.0641047921101794,0.0641047921101794,0.0641047921101794,0.0641047921101794,0.0641047921101794,0.0641047921101794,0.0641047921101794,0.0641047921101794,0.0641047921101794,0.0641047921101794,0.0641047921101794,0.0641047921101794,0.0641047921101794,0.0641047921101794,0.0641047921101794,0.0641047921101794,0.0641047921101794,0.0641047921101794,0.0641047921101794,0.0641047921101794,0.0641047921101794,0.0641047921101794
-16,0.071188566820483,0.071188566820483,0.071188566820483,0.071188566820483,0.071188566820483,0.071188566820483,0.071188566820483,0.071188566820483,0.071188566820483,0.071188566820483,0.071188566820483,0.071188566820483,0.071188566820483,0.071188566820483,0.071188566820483,0.071188566820483,0.071188566820483,0.071188566820483,0.071188566820483,0.071188566820483,0.071188566820483,0.071188566820483,0.071188566820483,0.071188566820483,0.071188566820483,0.071188566820483,0.071188566820483,0.071188566820483,0.071188566820483,0.071188566820483,0.071188566820483,0.071188566820483,0.071188566820483,0.071188566820483,0.071188566820483,0.071188566820483,0.071188566820483,0.071188566820483,0.071188566820483,0.071188566820483,0.071188566820483,0.071188566820483,0.071188566820483,0.071188566820483,0.071188566820483,0.071188566820483,0.071188566820483,0.071188566820483,0.071188566820483,0.071188566820483,0.071188566820483
-15,0.0799855925081042,0.0799855925081042,0.0799855925081042,0.0799855925081042,0.0799855925081042,0.0799855925081042,0.0799855925081042,0.0799855925081042,0.0799855925081042,0.0799855925081042,0.0799855925081042,0.0799855925081042,0.0799855925081042,0.0799855925081042,0.0799855925081042,0.0799855925081042,0.0799855925081042,0.0799855925081042,0.0799855925081042,0.0799855925081042,0.0799855925081042,0.0799855925081042,0.0799855925081042,0.0799855925081042,0.0799855925081042,0.0799855925081042,0.0799855925081042,0.0799855925081042,0.0799855925081042,0.0799855925081042,0.0799855925081042,0.0799855925081042,0.0799855925081042,0.0799855925081042,0.0799855925081042,0.0799855925081042,0.0799855925081042,0.0799855925081042,0.0799855925081042,0.0799855925081042,0.0799855925081042,0.0799855925081042,0.0799855925081042,0.0799855925081042,0.0799855925081042,0.0799855925081042,0.0799855925081042,0.0799855925081042,0.0799855925081042,0.0799855925081042,0.0799855925081042
-14,0.0879048248512888,0.0879048248512888,0.0879048248512888,0.0879048248512888,0.0879048248512888,0.0879048248512888,0.0879048248512888,0.0879048248512888,0.0879048248512888,0.0879048248512888,0.0879048248512888,0.0879048248512888,0.0879048248512888,0.0879048248512888,0.0879048248512888,0.0879048248512888,0.0879048248512888,0.0879048248512888,0.0879048248512888,0.0879048248512888,0.0879048248512888,0.0879048248512888,0.0879048248512888,0.0879048248512888,0.0879048248512888,0.0879048248512888,0.0879048248512888,0.0879048248512888,0.0879048248512888,0.0879048248512888,0.0879048248512888,0.0879048248512888,0.0879048248512888,0.0879048248512888,0.0879048248512888,0.0879048248512888,0.0879048248512888,0.0879048248512888,0.0879048248512888,0.0879048248512888,0.0879048248512888,0.0879048248512888,0.0879048248512888,0.0879048248512888,0.0879048248512888,0.0879048248512888,0.0879048248512888,0.0879048248512888,0.0879048248512888,0.0879048248512888,0.0879048248512888
-13,0.0901244105815595,0.0901244105815595,0.0901244105815595,0.0901244105815595,0.0901244105815595,0.0901244105815595,0.0901244105815595,0.0901244105815595,0.0901244105815595,0.0901244105815595,0.0901244105815595,0.0901244105815595,0.0901244105815595,0.0901244105815595,0.0901244105815595,0.0901244105815595,0.0901244105815595,0.0901244105815595,0.0901244105815595,0.0901244105815595,0.0901244105815595,0.0901244105815595,0.0901244105815595,0.0901244105815595,0.0901244105815595,0.0901244105815595,0.0901244105815595,0.0901244105815595,0.0901244105815595,0.0901244105815595,0.0901244105815595,0.0901244105815595,0.0901244105815595,0.0901244105815595,0.0901244105815595,0.0901244105815595,0.0901244105815595,0.0901244105815595,0.0901244105815595,0.0901244105815595,0.0901244105815595,0.0901244105815595,0.0901244105815595,0.0901244105815595,0.0901244105815595,0.0901244105815595,0.0901244105815595,0.0901244105815595,0.0901244105815595,0.0901244105815595,0.0901244105815595
-12,0.0960669824831993,0.0960669824831993,0.0960669824831993,0.0960669824831993,0.0960669824831993,0.0960669824831993,0.0960669824831993,0.0960669824831993,0.0960669824831993,0.0960669824831993,0.0960669824831993,0.0960669824831993,0.0960669824831993,0.0960669824831993,0.0960669824831993,0.0960669824831993,0.0960669824831993,0.0960669824831993,0.0960669824831993,0.0960669824831993,0.0960669824831993,0.0960669824831993,0.0960669824831993,0.0960669824831993,0.0960669824831993,0.0960669824831993,0.0960669824831993,0.0960669824831993,0.0960669824831993,0.0960669824831993,0.0960669824831993,0.0960669824831993,0.0960669824831993,0.0960669824831993,0.0960669824831993,0.0960669824831993,0.0960669824831993,0.0960669824831993,0.0960669824831993,0.0960669824831993,0.0960669824831993,0.0960669824831993,0.0960669824831993,0.0960669824831993,0.0960669824831993,0.0960669824831993,0.0960669824831993,0.0960669824831993,0.0960669824831993,0.0960669824831993,0.0960669824831993
-11,0.108190148911798,0.108190148911798,0.108190148911798,0.108190148911798,0.108190148911798,0.108190148911798,0.108190148911798,0.108190148911798,0.108190148911798,0.108190148911798,0.108190148911798,0.108190148911798,0.108190148911798,0.108190148911798,0.108190148911798,0.108190148911798,0.108190148911798,0.108190148911798,0.108190148911798,0.108190148911798,0.108190148911798,0.108190148911798,0.108190148911798,0.108190148911798,0.108190148911798,0.108190148911798,0.108190148911798,0.108190148911798,0.108190148911798,0.108190148911798,0.108190148911798,0.108190148911798,0.108190148911798,0.108190148911798,0.108190148911798,0.108190148911798,0.108190148911798,0.108190148911798,0.108190148911798,0.108190148911798,0.108190148911798,0.108190148911798,0.108190148911798,0.108190148911798,0.108190148911798,0.108190148911798,0.108190148911798,0.108190148911798,0.108190148911798,0.108190148911798,0.108190148911798
-10,0.113590263691684,0.113590263691684,0.113590263691684,0.113590263691684,0.113590263691684,0.113590263691684,0.113590263691684,0.113590263691684,0.113590263691684,0.113590263691684,0.113590263691684,0.113590263691684,0.113590263691684,0.113590263691684,0.113590263691684,0.113590263691684,0.113590263691684,0.113590263691684,0.113590263691684,0.113590263691684,0.113590263691684,0.113590263691684,0.113590263691684,0.113590263691684,0.113590263691684,0.113590263691684,0.113590263691684,0.113590263691684,0.113590263691684,0.113590263691684,0.113590263691684,0.113590263691684,0.113590263691684,0.113590263691684,0.113590263691684,0.113590263691684,0.113590263691684,0.113590263691684,0.113590263691684,0.113590263691684,0.113590263691684,0.113590263691684,0.113590263691684,0.113590263691684,0.113590263691684,0.113590263691684,0.113590263691684,0.113590263691684,0.113590263691684,0.113590263691684,0.113590263691684
-9,0.123989920931445,0.123989920931445,0.123989920931445,0.123989920931445,0.123989920931445,0.123989920931445,0.123989920931445,0.123989920931445,0.123989920931445,0.123989920931445,0.123989920931445,0.123989920931445,0.123989920931445,0.123989920931445,0.123989920931445,0.123989920931445,0.123989920931445,0.123989920931445,0.123989920931445,0.123989920931445,0.123989920931445,0.123989920931445,0.123989920931445,0.123989920931445,0.123989920931445,0.123989920931445,0.123989920931445,0.123989920931445,0.123989920931445,0.123989920931445,0.123989920931445,0.123989920931445,0.123989920931445,0.123989920931445,0.123989920931445,0.123989920931445,0.123989920931445,0.123989920931445,0.123989920931445,0.123989920931445,0.123989920931445,0.123989920931445,0.123989920931445,0.123989920931445,0.123989920931445,0.123989920931445,0.123989920931445,0.123989920931445,0.123989920931445,0.123989920931445,0.123989920931445
-8,0.131733994869337,0.131733994869337,0.131733994869337,0.131733994869337,0.131733994869337,0.131733994869337,0.131733994869337,0.131733994869337,0.131733994869337,0.131733994869337,0.131733994869337,0.131733994869337,0.131733994869337,0.131733994869337,0.131733994869337,0.131733994869337,0.131733994869337,0.131733994869337,0.131733994869337,0.131733994869337,0.131733994869337,0.131733994869337,0.131733994869337,0.131733994869337,0.131733994869337,0.131733994869337,0.131733994869337,0.131733994869337,0.131733994869337,0.131733994869337,0.131733994869337,0.131733994869337,0.131733994869337,0.131733994869337,0.131733994869337,0.131733994869337,0.131733994869337,0.131733994869337,0.131733994869337,0.131733994869337,0.131733994869337,0.131733994869337,0.131733994869337,0.131733994869337,0.131733994869337,0.131733994869337,0.131733994869337,0.131733994869337,0.131733994869337,0.131733994869337,0.131733994869337
-7,0.142460812872798,0.142460812872798,0.142460812872798,0.142460812872798,0.142460812872798,0.142460812872798,0.142460812872798,0.142460812872798,0.142460812872798,0.142460812872798,0.142460812872798,0.142460812872798,0.142460812872798,0.142460812872798,0.142460812872798,0.142460812872798,0.142460812872798,0.142460812872798,0.142460812872798,0.142460812872798,0.142460812872798,0.142460812872798,0.142460812872798,0.142460812872798,0.142460812872798,0.142460812872798,0.142460812872798,0.142460812872798,0.142460812872798,0.142460812872798,0.142460812872798,0.142460812872798,0.142460812872798,0.142460812872798,0.142460812872798,0.142460812872798,0.142460812872798,0.142460812872798,0.142460812872798,0.142460812872798,0.142460812872798,0.142460812872798,0.142460812872798,0.142460812872798,0.142460812872798,0.142460812872798,0.142460812872798,0.142460812872798,0.142460812872798,0.142460812872798,0.142460812872798
-6,0.158111621217988,0.158111621217988,0.158111621217988,0.158111621217988,0.158111621217988,0.158111621217988,0.158111621217988,0.158111621217988,0.158111621217988,0.158111621217988,0.158111621217988,0.158111621217988,0.158111621217988,0.158111621217988,0.158111621217988,0.158111621217988,0.158111621217988,0.158111621217988,0.158111621217988,0.158111621217988,0.158111621217988,0.158111621217988,0.158111621217988,0.158111621217988,0.158111621217988,0.158111621217988,0.158111621217988,0.158111621217988,0.158111621217988,0.158111621217988,0.158111621217988,0.158111621217988,0.158111621217988,0.158111621217988,0.158111621217988,0.158111621217988,0.158111621217988,0.158111621217988,0.158111621217988,0.158111621217988,0.158111621217988,0.158111621217988,0.158111621217988,0.158111621217988,0.158111621217988,0.158111621217988,0.158111621217988,0.158111621217988,0.158111621217988,0.158111621217988,0.158111621217988
-5,0.177311235987107,0.177311235987107,0.177311235987107,0.177311235987107,0.177311235987107,0.177311235987107,0.177311235987107,0.177311235987107,0.177311235987107,0.177311235987107,0.177311235987107,0.177311235987107,0.177311235987107,0.177311235987107,0.177311235987107,0.177311235987107,0.177311235987107,0.177311235987107,0.177311235987107,0.177311235987107,0.177311235987107,0.177311235987107,0.177311235987107,0.177311235987107,0.177311235987107,0.177311235987107,0.177311235987107,0.177311235987107,0.177311235987107,0.177311235987107,0.177311235987107,0.177311235987107,0.177311235987107,0.177311235987107,0.177311235987107,0.177311235987107,0.177311235987107,0.177311235987107,0.177311235987107,0.177311235987107,0.177311235987107,0.177311235987107,0.177311235987107,0.177311235987107,0.177311235987107,0.177311235987107,0.177311235987107,0.177311235987107,0.177311235987107,0.177311235987107,0.177311235987107
-4,0.186977858269557,0.186977858269557,0.186977858269557,0.186977858269557,0.186977858269557,0.186977858269557,0.186977858269557,0.186977858269557,0.186977858269557,0.186977858269557,0.186977858269557,0.186977858269557,0.186977858269557,0.186977858269557,0.186977858269557,0.186977858269557,0.186977858269557,0.186977858269557,0.186977858269557,0.186977858269557,0.186977858269557,0.186977858269557,0.186977858269557,0.186977858269557,0.186977858269557,0.186977858269557,0.186977858269557,0.186977858269557,0.186977858269557,0.186977858269557,0.186977858269557,0.186977858269557,0.186977858269557,0.186977858269557,0.186977858269557,0.186977858269557,0.186977858269557,0.186977858269557,0.186977858269557,0.186977858269557,0.186977858269557,0.186977858269557,0.186977858269557,0.186977858269557,0.186977858269557,0.186977858269557,0.186977858269557,0.186977858269557,0.186977858269557,0.186977858269557,0.186977858269557
-3,0.201232152763584,0.201232152763584,0.201232152763584,0.201232152763584,0.201232152763584,0.201232152763584,0.201232152763584,0.201232152763584,0.201232152763584,0.201232152763584,0.201232152763584,0.201232152763584,0.201232152763584,0.201232152763584,0.201232152763584,0.201232152763584,0.201232152763584,0.201232152763584,0.201232152763584,0.201232152763584,0.201232152763584,0.201232152763584,0.201232152763584,0.201232152763584,0.201232152763584,0.201232152763584,0.201232152763584,0.201232152763584,0.201232152763584,0.201232152763584,0.201232152763584,0.201232152763584,0.201232152763584,0.201232152763584,0.201232152763584,0.201232152763584,0.201232152763584,0.201232152763584,0.201232152763584,0.201232152763584,0.201232152763584,0.201232152763584,0.201232152763584,0.201232152763584,0.201232152763584,0.201232152763584,0.201232152763584,0.201232152763584,0.201232152763584,0.201232152763584,0.201232152763584
-2,0.216530642528565,0.216530642528565,0.216530642528565,0.216530642528565,0.216530642528565,0.216530642528565,0.216530642528565,0.216530642528565,0.216530642528565,0.216530642528565,0.216530642528565,0.216530642528565,0.216530642528565,0.216530642528565,0.216530642528565,0.216530642528565,0.216530642528565,0.216530642528565,0.216530642528565,0.216530642528565,0.216530642528565,0.216530642528565,0.216530642528565,0.216530642528565,0.216530642528565,0.216530642528565,0.216530642528565,0.216530642528565,0.216530642528565,0.216530642528565,0.216530642528565,0.216530642528565,0.216530642528565,0.216530642528565,0.216530642528565,0.216530642528565,0.216530642528565,0.216530642528565,0.216530642528565,0.216530642528565,0.216530642528565,0.216530642528565,0.216530642528565,0.216530642528565,0.216530642528565,0.216530642528565,0.216530642528565,0.216530642528565,0.216530642528565,0.216530642528565,0.216530642528565
-1,0.19512847170652,0.19512847170652,0.19512847170652,0.19512847170652,0.19512847170652,0.19512847170652,0.19512847170652,0.19512847170652,0.19512847170652,0.19512847170652,0.19512847170652,0.19512847170652,0.19512847170652,0.19512847170652,0.19512847170652,0.19512847170652,0.19512847170652,0.19512847170652,0.19512847170652,0.19512847170652,0.19512847170652,0.19512847170652,0.19512847170652,0.19512847170652,0.19512847170652,0.19512847170652,0.19512847170652,0.19512847170652,0.19512847170652,0.19512847170652,0.19512847170652,0.19512847170652,0.19512847170652,0.19512847170652,0.19512847170652,0.19512847170652,0.19512847170652,0.19512847170652,0.19512847170652,0.19512847170652,0.19512847170652,0.19512847170652,0.19512847170652,0.19512847170652,0.19512847170652,0.19512847170652,0.19512847170652,0.19512847170652,0.19512847170652,0.19512847170652,0.19512847170652
0,0.0382180539273154,0.0382180539273154,0.0382180539273154,0.0382180539273154,0.0382180539273154,0.0382180539273154,0.0382180539273154,0.0382180539273154,0.0382180539273154,0.0382180539273154,0.0382180539273154,0.0382180539273154,0.0382180539273154,0.0382180539273154,0.0382180539273154,0.0382180539273154,0.0382180539273154,0.0382180539273154,0.0382180539273154,0.0382180539273154,0.0382180539273154,0.0382180539273154,0.0382180539273154,0.0382180539273154,0.0382180539273154,0.0382180539273154,0.0382180539273154,0.0382180539273154,0.0382180539273154,0.0382180539273154,0.0382180539273154,0.0382180539273154,0.0382180539273154,0.0382180539273154,0.0382180539273154,0.0382180539273154,0.0382180539273154,0.0382180539273154,0.0382180539273154,0.0382180539273154,0.0382180539273154,0.0382180539273154,0.0382180539273154,0.0382180539273154,0.0382180539273154,0.0382180539273154,0.0382180539273154,0.0382180539273154,0.0382180539273154,0.0382180539273154,0.0382180539273154
