age,period,,,,,,,,,,,,,,,,,,,,,,,,,,,,,,,,,,,,,,,,,,,,,,,,,
,2021,2022,2023,2024,2025,2026,2027,2028,2029,2030,2031,2032,2033,2034,2035,2036,2037,2038,2039,2040,2041,2042,2043,2044,2045,2046,2047,2048,2049,2050,2051,2052,2053,2054,2055,2056,2057,2058,2059,2060,2061,2062,2063,2064,2065,2066,2067,2068,2069,2070
15,0.99946111,0.99946111,0.99946111,0.99946111,0.99946111,0.99946111,0.99946111,0.99946111,0.99946111,0.99946111,0.99946111,0.99946111,0.99946111,0.99946111,0.99946111,0.99946111,0.99946111,0.99946111,0.99946111,0.99946111,0.99946111,0.99946111,0.99946111,0.99946111,0.99946111,0.99946111,0.99946111,0.99946111,0.99946111,0.99946111,0.99946111,0.99946111,0.99946111,0.99946111,0.99946111,0.99946111,0.99946111,0.99946111,0.99946111,0.99946111,0.99946111,0.99946111,0.99946111,0.99946111,0.99946111,0.99946111,0.99946111,0.99946111,0.99946111,0.99946111
16,0.855735911,0.855735911,0.855735911,0.855735911,0.855735911,0.855735911,0.855735911,0.855735911,0.855735911,0.855735911,0.855735911,0.855735911,0.855735911,0.855735911,0.855735911,0.855735911,0.855735911,0.855735911,0.855735911,0.855735911,0.855735911,0.855735911,0.855735911,0.855735911,0.855735911,0.855735911,0.855735911,0.855735911,0.855735911,0.855735911,0.855735911,0.855735911,0.855735911,0.855735911,0.855735911,0.855735911,0.855735911,0.855735911,0.855735911,0.855735911,0.855735911,0.855735911,0.855735911,0.855735911,0.855735911,0.855735911,0.855735911,0.855735911,0.855735911,0.855735911
17,0.804465116,0.804465116,0.804465116,0.804465116,0.804465116,0.804465116,0.804465116,0.804465116,0.804465116,0.804465116,0.804465116,0.804465116,0.804465116,0.804465116,0.804465116,0.804465116,0.804465116,0.804465116,0.804465116,0.804465116,0.804465116,0.804465116,0.804465116,0.804465116,0.804465116,0.804465116,0.804465116,0.804465116,0.804465116,0.804465116,0.804465116,0.804465116,0.804465116,0.804465116,0.804465116,0.804465116,0.804465116,0.804465116,0.804465116,0.804465116,0.804465116,0.804465116,0.804465116,0.804465116,0.804465116,0.804465116,0.804465116,0.804465116,0.804465116,0.804465116
18,0.771936532,0.771936532,0.771936532,0.771936532,0.771936532,0.771936532,0.771936532,0.771936532,0.771936532,0.771936532,0.771936532,0.771936532,0.771936532,0.771936532,0.771936532,0.771936532,0.771936532,0.771936532,0.771936532,0.771936532,0.771936532,0.771936532,0.771936532,0.771936532,0.771936532,0.771936532,0.771936532,0.771936532,0.771936532,0.771936532,0.771936532,0.771936532,0.771936532,0.771936532,0.771936532,0.771936532,0.771936532,0.771936532,0.771936532,0.771936532,0.771936532,0.771936532,0.771936532,0.771936532,0.771936532,0.771936532,0.771936532,0.771936532,0.771936532,0.771936532
19,0.557720588,0.557720588,0.557720588,0.557720588,0.557720588,0.557720588,0.557720588,0.557720588,0.557720588,0.557720588,0.557720588,0.557720588,0.557720588,0.557720588,0.557720588,0.557720588,0.557720588,0.557720588,0.557720588,0.557720588,0.557720588,0.557720588,0.557720588,0.557720588,0.557720588,0.557720588,0.557720588,0.557720588,0.557720588,0.557720588,0.557720588,0.557720588,0.557720588,0.557720588,0.557720588,0.557720588,0.557720588,0.557720588,0.557720588,0.557720588,0.557720588,0.557720588,0.557720588,0.557720588,0.557720588,0.557720588,0.557720588,0.557720588,0.557720588,0.557720588
20,0.327831828,0.327831828,0.327831828,0.327831828,0.327831828,0.327831828,0.327831828,0.327831828,0.327831828,0.327831828,0.327831828,0.327831828,0.327831828,0.327831828,0.327831828,0.327831828,0.327831828,0.327831828,0.327831828,0.327831828,0.327831828,0.327831828,0.327831828,0.327831828,0.327831828,0.327831828,0.327831828,0.327831828,0.327831828,0.327831828,0.327831828,0.327831828,0.327831828,0.327831828,0.327831828,0.327831828,0.327831828,0.327831828,0.327831828,0.327831828,0.327831828,0.327831828,0.327831828,0.327831828,0.327831828,0.327831828,0.327831828,0.327831828,0.327831828,0.327831828
21,0.258641445,0.258641445,0.258641445,0.258641445,0.258641445,0.258641445,0.258641445,0.258641445,0.258641445,0.258641445,0.258641445,0.258641445,0.258641445,0.258641445,0.258641445,0.258641445,0.258641445,0.258641445,0.258641445,0.258641445,0.258641445,0.258641445,0.258641445,0.258641445,0.258641445,0.258641445,0.258641445,0.258641445,0.258641445,0.258641445,0.258641445,0.258641445,0.258641445,0.258641445,0.258641445,0.258641445,0.258641445,0.258641445,0.258641445,0.258641445,0.258641445,0.258641445,0.258641445,0.258641445,0.258641445,0.258641445,0.258641445,0.258641445,0.258641445,0.258641445
22,0.22779122,0.22779122,0.22779122,0.22779122,0.22779122,0.22779122,0.22779122,0.22779122,0.22779122,0.22779122,0.22779122,0.22779122,0.22779122,0.22779122,0.22779122,0.22779122,0.22779122,0.22779122,0.22779122,0.22779122,0.22779122,0.22779122,0.22779122,0.22779122,0.22779122,0.22779122,0.22779122,0.22779122,0.22779122,0.22779122,0.22779122,0.22779122,0.22779122,0.22779122,0.22779122,0.22779122,0.22779122,0.22779122,0.22779122,0.22779122,0.22779122,0.22779122,0.22779122,0.22779122,0.22779122,0.22779122,0.22779122,0.22779122,0.22779122,0.22779122
23,0.18959231,0.18959231,0.18959231,0.18959231,0.18959231,0.18959231,0.18959231,0.18959231,0.18959231,0.18959231,0.18959231,0.18959231,0.18959231,0.18959231,0.18959231,0.18959231,0.18959231,0.18959231,0.18959231,0.18959231,0.18959231,0.18959231,0.18959231,0.18959231,0.18959231,0.18959231,0.18959231,0.18959231,0.18959231,0.18959231,0.18959231,0.18959231,0.18959231,0.18959231,0.18959231,0.18959231,0.18959231,0.18959231,0.18959231,0.18959231,0.18959231,0.18959231,0.18959231,0.18959231,0.18959231,0.18959231,0.18959231,0.18959231,0.18959231,0.18959231
24,0.127252608,0.127252608,0.127252608,0.127252608,0.127252608,0.127252608,0.127252608,0.127252608,0.127252608,0.127252608,0.127252608,0.127252608,0.127252608,0.127252608,0.127252608,0.127252608,0.127252608,0.127252608,0.127252608,0.127252608,0.127252608,0.127252608,0.127252608,0.127252608,0.127252608,0.127252608,0.127252608,0.127252608,0.127252608,0.127252608,0.127252608,0.127252608,0.127252608,0.127252608,0.127252608,0.127252608,0.127252608,0.127252608,0.127252608,0.127252608,0.127252608,0.127252608,0.127252608,0.127252608,0.127252608,0.127252608,0.127252608,0.127252608,0.127252608,0.127252608
25,0.075628906,0.075628906,0.075628906,0.075628906,0.075628906,0.075628906,0.075628906,0.075628906,0.075628906,0.075628906,0.075628906,0.075628906,0.075628906,0.075628906,0.075628906,0.075628906,0.075628906,0.075628906,0.075628906,0.075628906,0.075628906,0.075628906,0.075628906,0.075628906,0.075628906,0.075628906,0.075628906,0.075628906,0.075628906,0.075628906,0.075628906,0.075628906,0.075628906,0.075628906,0.075628906,0.075628906,0.075628906,0.075628906,0.075628906,0.075628906,0.075628906,0.075628906,0.075628906,0.075628906,0.075628906,0.075628906,0.075628906,0.075628906,0.075628906,0.075628906
26,0.039102848,0.039102848,0.039102848,0.039102848,0.039102848,0.039102848,0.039102848,0.039102848,0.039102848,0.039102848,0.039102848,0.039102848,0.039102848,0.039102848,0.039102848,0.039102848,0.039102848,0.039102848,0.039102848,0.039102848,0.039102848,0.039102848,0.039102848,0.039102848,0.039102848,0.039102848,0.039102848,0.039102848,0.039102848,0.039102848,0.039102848,0.039102848,0.039102848,0.039102848,0.039102848,0.039102848,0.039102848,0.039102848,0.039102848,0.039102848,0.039102848,0.039102848,0.039102848,0.039102848,0.039102848,0.039102848,0.039102848,0.039102848,0.039102848,0.039102848
27,0.021827745,0.021827745,0.021827745,0.021827745,0.021827745,0.021827745,0.021827745,0.021827745,0.021827745,0.021827745,0.021827745,0.021827745,0.021827745,0.021827745,0.021827745,0.021827745,0.021827745,0.021827745,0.021827745,0.021827745,0.021827745,0.021827745,0.021827745,0.021827745,0.021827745,0.021827745,0.021827745,0.021827745,0.021827745,0.021827745,0.021827745,0.021827745,0.021827745,0.021827745,0.021827745,0.021827745,0.021827745,0.021827745,0.021827745,0.021827745,0.021827745,0.021827745,0.021827745,0.021827745,0.021827745,0.021827745,0.021827745,0.021827745,0.021827745,0.021827745
28,0.015806112,0.015806112,0.015806112,0.015806112,0.015806112,0.015806112,0.015806112,0.015806112,0.015806112,0.015806112,0.015806112,0.015806112,0.015806112,0.015806112,0.015806112,0.015806112,0.015806112,0.015806112,0.015806112,0.015806112,0.015806112,0.015806112,0.015806112,0.015806112,0.015806112,0.015806112,0.015806112,0.015806112,0.015806112,0.015806112,0.015806112,0.015806112,0.015806112,0.015806112,0.015806112,0.015806112,0.015806112,0.015806112,0.015806112,0.015806112,0.015806112,0.015806112,0.015806112,0.015806112,0.015806112,0.015806112,0.015806112,0.015806112,0.015806112,0.015806112
29,0.010273973,0.010273973,0.010273973,0.010273973,0.010273973,0.010273973,0.010273973,0.010273973,0.010273973,0.010273973,0.010273973,0.010273973,0.010273973,0.010273973,0.010273973,0.010273973,0.010273973,0.010273973,0.010273973,0.010273973,0.010273973,0.010273973,0.010273973,0.010273973,0.010273973,0.010273973,0.010273973,0.010273973,0.010273973,0.010273973,0.010273973,0.010273973,0.010273973,0.010273973,0.010273973,0.010273973,0.010273973,0.010273973,0.010273973,0.010273973,0.010273973,0.010273973,0.010273973,0.010273973,0.010273973,0.010273973,0.010273973,0.010273973,0.010273973,0.010273973
30,0.00530824,0.00530824,0.00530824,0.00530824,0.00530824,0.00530824,0.00530824,0.00530824,0.00530824,0.00530824,0.00530824,0.00530824,0.00530824,0.00530824,0.00530824,0.00530824,0.00530824,0.00530824,0.00530824,0.00530824,0.00530824,0.00530824,0.00530824,0.00530824,0.00530824,0.00530824,0.00530824,0.00530824,0.00530824,0.00530824,0.00530824,0.00530824,0.00530824,0.00530824,0.00530824,0.00530824,0.00530824,0.00530824,0.00530824,0.00530824,0.00530824,0.00530824,0.00530824,0.00530824,0.00530824,0.00530824,0.00530824,0.00530824,0.00530824,0.00530824
31,0.004923077,0.004923077,0.004923077,0.004923077,0.004923077,0.004923077,0.004923077,0.004923077,0.004923077,0.004923077,0.004923077,0.004923077,0.004923077,0.004923077,0.004923077,0.004923077,0.004923077,0.004923077,0.004923077,0.004923077,0.004923077,0.004923077,0.004923077,0.004923077,0.004923077,0.004923077,0.004923077,0.004923077,0.004923077,0.004923077,0.004923077,0.004923077,0.004923077,0.004923077,0.004923077,0.004923077,0.004923077,0.004923077,0.004923077,0.004923077,0.004923077,0.004923077,0.004923077,0.004923077,0.004923077,0.004923077,0.004923077,0.004923077,0.004923077,0.004923077
32,0.00403178,0.00403178,0.00403178,0.00403178,0.00403178,0.00403178,0.00403178,0.00403178,0.00403178,0.00403178,0.00403178,0.00403178,0.00403178,0.00403178,0.00403178,0.00403178,0.00403178,0.00403178,0.00403178,0.00403178,0.00403178,0.00403178,0.00403178,0.00403178,0.00403178,0.00403178,0.00403178,0.00403178,0.00403178,0.00403178,0.00403178,0.00403178,0.00403178,0.00403178,0.00403178,0.00403178,0.00403178,0.00403178,0.00403178,0.00403178,0.00403178,0.00403178,0.00403178,0.00403178,0.00403178,0.00403178,0.00403178,0.00403178,0.00403178,0.00403178
33,0.004556355,0.004556355,0.004556355,0.004556355,0.004556355,0.004556355,0.004556355,0.004556355,0.004556355,0.004556355,0.004556355,0.004556355,0.004556355,0.004556355,0.004556355,0.004556355,0.004556355,0.004556355,0.004556355,0.004556355,0.004556355,0.004556355,0.004556355,0.004556355,0.004556355,0.004556355,0.004556355,0.004556355,0.004556355,0.004556355,0.004556355,0.004556355,0.004556355,0.004556355,0.004556355,0.004556355,0.004556355,0.004556355,0.004556355,0.004556355,0.004556355,0.004556355,0.004556355,0.004556355,0.004556355,0.004556355,0.004556355,0.004556355,0.004556355,0.004556355
34,0.003550567,0.003550567,0.003550567,0.003550567,0.003550567,0.003550567,0.003550567,0.003550567,0.003550567,0.003550567,0.003550567,0.003550567,0.003550567,0.003550567,0.003550567,0.003550567,0.003550567,0.003550567,0.003550567,0.003550567,0.003550567,0.003550567,0.003550567,0.003550567,0.003550567,0.003550567,0.003550567,0.003550567,0.003550567,0.003550567,0.003550567,0.003550567,0.003550567,0.003550567,0.003550567,0.003550567,0.003550567,0.003550567,0.003550567,0.003550567,0.003550567,0.003550567,0.003550567,0.003550567,0.003550567,0.003550567,0.003550567,0.003550567,0.003550567,0.003550567
35,0.002449889,0.002449889,0.002449889,0.002449889,0.002449889,0.002449889,0.002449889,0.002449889,0.002449889,0.002449889,0.002449889,0.002449889,0.002449889,0.002449889,0.002449889,0.002449889,0.002449889,0.002449889,0.002449889,0.002449889,0.002449889,0.002449889,0.002449889,0.002449889,0.002449889,0.002449889,0.002449889,0.002449889,0.002449889,0.002449889,0.002449889,0.002449889,0.002449889,0.002449889,0.002449889,0.002449889,0.002449889,0.002449889,0.002449889,0.002449889,0.002449889,0.002449889,0.002449889,0.002449889,0.002449889,0.002449889,0.002449889,0.002449889,0.002449889,0.002449889
36,0.00252664,0.00252664,0.00252664,0.00252664,0.00252664,0.00252664,0.00252664,0.00252664,0.00252664,0.00252664,0.00252664,0.00252664,0.00252664,0.00252664,0.00252664,0.00252664,0.00252664,0.00252664,0.00252664,0.00252664,0.00252664,0.00252664,0.00252664,0.00252664,0.00252664,0.00252664,0.00252664,0.00252664,0.00252664,0.00252664,0.00252664,0.00252664,0.00252664,0.00252664,0.00252664,0.00252664,0.00252664,0.00252664,0.00252664,0.00252664,0.00252664,0.00252664,0.00252664,0.00252664,0.00252664,0.00252664,0.00252664,0.00252664,0.00252664,0.00252664
37,0.002625821,0.002625821,0.002625821,0.002625821,0.002625821,0.002625821,0.002625821,0.002625821,0.002625821,0.002625821,0.002625821,0.002625821,0.002625821,0.002625821,0.002625821,0.002625821,0.002625821,0.002625821,0.002625821,0.002625821,0.002625821,0.002625821,0.002625821,0.002625821,0.002625821,0.002625821,0.002625821,0.002625821,0.002625821,0.002625821,0.002625821,0.002625821,0.002625821,0.002625821,0.002625821,0.002625821,0.002625821,0.002625821,0.002625821,0.002625821,0.002625821,0.002625821,0.002625821,0.002625821,0.002625821,0.002625821,0.002625821,0.002625821,0.002625821,0.002625821
38,0.002521377,0.002521377,0.002521377,0.002521377,0.002521377,0.002521377,0.002521377,0.002521377,0.002521377,0.002521377,0.002521377,0.002521377,0.002521377,0.002521377,0.002521377,0.002521377,0.002521377,0.002521377,0.002521377,0.002521377,0.002521377,0.002521377,0.002521377,0.002521377,0.002521377,0.002521377,0.002521377,0.002521377,0.002521377,0.002521377,0.002521377,0.002521377,0.002521377,0.002521377,0.002521377,0.002521377,0.002521377,0.002521377,0.002521377,0.002521377,0.002521377,0.002521377,0.002521377,0.002521377,0.002521377,0.002521377,0.002521377,0.002521377,0.002521377,0.002521377
39,0.002305412,0.002305412,0.002305412,0.002305412,0.002305412,0.002305412,0.002305412,0.002305412,0.002305412,0.002305412,0.002305412,0.002305412,0.002305412,0.002305412,0.002305412,0.002305412,0.002305412,0.002305412,0.002305412,0.002305412,0.002305412,0.002305412,0.002305412,0.002305412,0.002305412,0.002305412,0.002305412,0.002305412,0.002305412,0.002305412,0.002305412,0.002305412,0.002305412,0.002305412,0.002305412,0.002305412,0.002305412,0.002305412,0.002305412,0.002305412,0.002305412,0.002305412,0.002305412,0.002305412,0.002305412,0.002305412,0.002305412,0.002305412,0.002305412,0.002305412
40,0.002174386,0.002174386,0.002174386,0.002174386,0.002174386,0.002174386,0.002174386,0.002174386,0.002174386,0.002174386,0.002174386,0.002174386,0.002174386,0.002174386,0.002174386,0.002174386,0.002174386,0.002174386,0.002174386,0.002174386,0.002174386,0.002174386,0.002174386,0.002174386,0.002174386,0.002174386,0.002174386,0.002174386,0.002174386,0.002174386,0.002174386,0.002174386,0.002174386,0.002174386,0.002174386,0.002174386,0.002174386,0.002174386,0.002174386,0.002174386,0.002174386,0.002174386,0.002174386,0.002174386,0.002174386,0.002174386,0.002174386,0.002174386,0.002174386,0.002174386
41,0.001953928,0.001953928,0.001953928,0.001953928,0.001953928,0.001953928,0.001953928,0.001953928,0.001953928,0.001953928,0.001953928,0.001953928,0.001953928,0.001953928,0.001953928,0.001953928,0.001953928,0.001953928,0.001953928,0.001953928,0.001953928,0.001953928,0.001953928,0.001953928,0.001953928,0.001953928,0.001953928,0.001953928,0.001953928,0.001953928,0.001953928,0.001953928,0.001953928,0.001953928,0.001953928,0.001953928,0.001953928,0.001953928,0.001953928,0.001953928,0.001953928,0.001953928,0.001953928,0.001953928,0.001953928,0.001953928,0.001953928,0.001953928,0.001953928,0.001953928
42,0.001680496,0.001680496,0.001680496,0.001680496,0.001680496,0.001680496,0.001680496,0.001680496,0.001680496,0.001680496,0.001680496,0.001680496,0.001680496,0.001680496,0.001680496,0.001680496,0.001680496,0.001680496,0.001680496,0.001680496,0.001680496,0.001680496,0.001680496,0.001680496,0.001680496,0.001680496,0.001680496,0.001680496,0.001680496,0.001680496,0.001680496,0.001680496,0.001680496,0.001680496,0.001680496,0.001680496,0.001680496,0.001680496,0.001680496,0.001680496,0.001680496,0.001680496,0.001680496,0.001680496,0.001680496,0.001680496,0.001680496,0.001680496,0.001680496,0.001680496
43,0.001561362,0.001561362,0.001561362,0.001561362,0.001561362,0.001561362,0.001561362,0.001561362,0.001561362,0.001561362,0.001561362,0.001561362,0.001561362,0.001561362,0.001561362,0.001561362,0.001561362,0.001561362,0.001561362,0.001561362,0.001561362,0.001561362,0.001561362,0.001561362,0.001561362,0.001561362,0.001561362,0.001561362,0.001561362,0.001561362,0.001561362,0.001561362,0.001561362,0.001561362,0.001561362,0.001561362,0.001561362,0.001561362,0.001561362,0.001561362,0.001561362,0.001561362,0.001561362,0.001561362,0.001561362,0.001561362,0.001561362,0.001561362,0.001561362,0.001561362
44,0.002096656,0.002096656,0.002096656,0.002096656,0.002096656,0.002096656,0.002096656,0.002096656,0.002096656,0.002096656,0.002096656,0.002096656,0.002096656,0.002096656,0.002096656,0.002096656,0.002096656,0.002096656,0.002096656,0.002096656,0.002096656,0.002096656,0.002096656,0.002096656,0.002096656,0.002096656,0.002096656,0.002096656,0.002096656,0.002096656,0.002096656,0.002096656,0.002096656,0.002096656,0.002096656,0.002096656,0.002096656,0.002096656,0.002096656,0.002096656,0.002096656,0.002096656,0.002096656,0.002096656,0.002096656,0.002096656,0.002096656,0.002096656,0.002096656,0.002096656
45,0.00118624,0.00118624,0.00118624,0.00118624,0.00118624,0.00118624,0.00118624,0.00118624,0.00118624,0.00118624,0.00118624,0.00118624,0.00118624,0.00118624,0.00118624,0.00118624,0.00118624,0.00118624,0.00118624,0.00118624,0.00118624,0.00118624,0.00118624,0.00118624,0.00118624,0.00118624,0.00118624,0.00118624,0.00118624,0.00118624,0.00118624,0.00118624,0.00118624,0.00118624,0.00118624,0.00118624,0.00118624,0.00118624,0.00118624,0.00118624,0.00118624,0.00118624,0.00118624,0.00118624,0.00118624,0.00118624,0.00118624,0.00118624,0.00118624,0.00118624
46,0.000870796,0.000870796,0.000870796,0.000870796,0.000870796,0.000870796,0.000870796,0.000870796,0.000870796,0.000870796,0.000870796,0.000870796,0.000870796,0.000870796,0.000870796,0.000870796,0.000870796,0.000870796,0.000870796,0.000870796,0.000870796,0.000870796,0.000870796,0.000870796,0.000870796,0.000870796,0.000870796,0.000870796,0.000870796,0.000870796,0.000870796,0.000870796,0.000870796,0.000870796,0.000870796,0.000870796,0.000870796,0.000870796,0.000870796,0.000870796,0.000870796,0.000870796,0.000870796,0.000870796,0.000870796,0.000870796,0.000870796,0.000870796,0.000870796,0.000870796
47,0.000688152,0.000688152,0.000688152,0.000688152,0.000688152,0.000688152,0.000688152,0.000688152,0.000688152,0.000688152,0.000688152,0.000688152,0.000688152,0.000688152,0.000688152,0.000688152,0.000688152,0.000688152,0.000688152,0.000688152,0.000688152,0.000688152,0.000688152,0.000688152,0.000688152,0.000688152,0.000688152,0.000688152,0.000688152,0.000688152,0.000688152,0.000688152,0.000688152,0.000688152,0.000688152,0.000688152,0.000688152,0.000688152,0.000688152,0.000688152,0.000688152,0.000688152,0.000688152,0.000688152,0.000688152,0.000688152,0.000688152,0.000688152,0.000688152,0.000688152
48,0.000851271,0.000851271,0.000851271,0.000851271,0.000851271,0.000851271,0.000851271,0.000851271,0.000851271,0.000851271,0.000851271,0.000851271,0.000851271,0.000851271,0.000851271,0.000851271,0.000851271,0.000851271,0.000851271,0.000851271,0.000851271,0.000851271,0.000851271,0.000851271,0.000851271,0.000851271,0.000851271,0.000851271,0.000851271,0.000851271,0.000851271,0.000851271,0.000851271,0.000851271,0.000851271,0.000851271,0.000851271,0.000851271,0.000851271,0.000851271,0.000851271,0.000851271,0.000851271,0.000851271,0.000851271,0.000851271,0.000851271,0.000851271,0.000851271,0.000851271
49,0.001025247,0.001025247,0.001025247,0.001025247,0.001025247,0.001025247,0.001025247,0.001025247,0.001025247,0.001025247,0.001025247,0.001025247,0.001025247,0.001025247,0.001025247,0.001025247,0.001025247,0.001025247,0.001025247,0.001025247,0.001025247,0.001025247,0.001025247,0.001025247,0.001025247,0.001025247,0.001025247,0.001025247,0.001025247,0.001025247,0.001025247,0.001025247,0.001025247,0.001025247,0.001025247,0.001025247,0.001025247,0.001025247,0.001025247,0.001025247,0.001025247,0.001025247,0.001025247,0.001025247,0.001025247,0.001025247,0.001025247,0.001025247,0.001025247,0.001025247
